User_id,Age,Gender,Total_mobile_app_usage_hours,Daily_screen_time_hours,Number_of_apps_used,Social_media_usage_hours,Productivity_app_usage_hours,Gaming_app_usage_hours,Location,Other_act_in_using_mobile,Age_group
1,56,Male,7.379999999999999,7.379999999999999,24,4.43,0.55,2.4,Los Angeles,0.0,Middle-aged Adults
2,46,Male,11.52,13.79,18,4.67,4.42,2.43,Chicago,2.2699999999999996,Adults
3,32,Female,9.120000000000001,9.120000000000001,11,4.58,1.71,2.83,Houston,0.0,Young Adults
4,25,Female,11.18,11.18,21,3.18,3.42,4.58,Phoenix,0.0,Young Adults
5,38,Male,7.279999999999999,12.59,14,3.15,0.13,4.0,New York,5.3100000000000005,Adults
6,56,Female,7.73,7.73,21,2.02,3.45,2.26,Chicago,0.0,Middle-aged Adults
7,36,Male,8.93,8.93,24,3.76,1.58,3.59,Los Angeles,0.0,Adults
8,40,Male,5.870000000000001,8.85,11,2.66,0.28,2.93,Chicago,2.9799999999999986,Adults
9,28,Male,8.899999999999999,12.8,9,3.39,3.05,2.46,Phoenix,3.900000000000002,Young Adults
10,28,Male,4.3,4.3,16,2.14,1.2,0.96,New York,0.0,Young Adults
11,41,Female,7.91,7.91,21,3.66,1.93,2.32,Chicago,0.0,Adults
12,53,Female,5.75,6.86,21,4.12,0.4,1.23,Phoenix,1.1100000000000003,Middle-aged Adults
13,57,Female,6.04,7.15,4,0.73,0.74,4.57,Los Angeles,1.1100000000000003,Middle-aged Adults
14,41,Male,7.33,9.09,11,4.16,1.49,1.68,Houston,1.7599999999999998,Adults
15,20,Male,7.91,7.91,15,2.7,0.45,4.76,Los Angeles,0.0,Young Adults
16,39,Male,11.44,11.44,17,4.22,4.55,2.67,New York,0.0,Adults
17,19,Female,5.35,7.17,5,2.16,0.03,3.16,Los Angeles,1.8200000000000003,Teens/Adolescents
18,41,Male,7.03,8.68,13,1.9,2.42,2.71,Los Angeles,1.6499999999999995,Adults
19,47,Female,5.8500000000000005,7.98,23,4.58,0.62,0.65,Los Angeles,2.13,Adults
20,55,Female,4.68,12.1,16,1.26,1.54,1.88,Los Angeles,7.42,Middle-aged Adults
21,19,Female,9.35,9.35,27,4.22,4.63,0.5,New York,0.0,Teens/Adolescents
22,38,Female,6.34,11.83,10,2.42,0.81,3.11,Phoenix,5.49,Adults
23,50,Female,9.63,11.97,20,2.57,4.83,2.23,Chicago,2.34,Middle-aged Adults
24,29,Female,6.460000000000001,6.460000000000001,21,1.54,1.03,3.89,Houston,0.0,Young Adults
25,39,Male,7.68,7.68,18,2.87,3.71,1.1,Chicago,0.0,Adults
26,42,Male,5.18,6.7,4,1.63,2.73,0.82,Chicago,1.5200000000000005,Adults
27,44,Female,6.65,6.65,10,0.2,4.42,2.03,Houston,0.0,Adults
28,59,Female,8.76,8.76,24,1.36,2.77,4.63,New York,0.0,Middle-aged Adults
29,45,Male,6.25,6.25,8,0.03,2.67,3.55,Houston,0.0,Adults
30,33,Female,7.959999999999999,7.959999999999999,14,4.89,0.98,2.09,New York,0.0,Young Adults
31,32,Female,8.25,11.62,17,4.83,0.83,2.59,Chicago,3.369999999999999,Young Adults
32,20,Male,6.98,6.98,27,1.98,4.58,0.42,New York,0.0,Young Adults
33,54,Female,10.2,11.64,10,3.64,1.64,4.92,Phoenix,1.4400000000000013,Middle-aged Adults
34,24,Female,6.92,7.91,6,1.73,1.86,3.33,Houston,0.9900000000000002,Young Adults
35,38,Female,8.59,12.44,17,3.36,3.8,1.43,Phoenix,3.8499999999999996,Adults
36,26,Male,8.65,8.65,22,4.03,1.69,2.93,Chicago,0.0,Young Adults
37,56,Male,10.040000000000001,10.040000000000001,27,4.73,4.76,0.55,Houston,0.0,Middle-aged Adults
38,35,Male,10.52,10.52,19,2.0,3.69,4.83,Chicago,0.0,Adults
39,21,Female,7.78,7.78,15,3.92,2.99,0.87,Phoenix,0.0,Young Adults
40,42,Female,8.97,8.97,20,1.33,4.4,3.24,Chicago,0.0,Adults
41,31,Male,6.43,13.08,4,4.95,0.25,1.23,Houston,6.65,Young Adults
42,26,Female,5.01,5.01,15,0.13,1.29,3.59,Houston,0.0,Young Adults
43,43,Female,9.23,9.23,15,3.02,2.33,3.88,Chicago,0.0,Adults
44,19,Female,7.8,10.49,24,3.3,1.13,3.37,Houston,2.6900000000000004,Teens/Adolescents
45,37,Female,10.23,12.47,17,3.44,3.72,3.07,Houston,2.24,Adults
46,45,Female,9.66,9.72,22,0.6,4.6,4.46,Chicago,0.0600000000000005,Adults
47,24,Male,7.2,7.2,29,4.69,2.12,0.39,Phoenix,0.0,Young Adults
48,25,Female,4.27,9.77,12,0.91,1.71,1.65,Houston,5.5,Young Adults
49,52,Male,9.16,9.16,5,3.11,4.81,1.24,Houston,0.0,Middle-aged Adults
50,31,Female,8.27,10.34,21,1.11,2.22,4.94,Houston,2.0700000000000003,Young Adults
51,34,Male,5.94,13.4,5,1.54,2.45,1.95,Houston,7.46,Young Adults
52,53,Female,8.15,10.38,24,2.73,1.76,3.66,Chicago,2.2300000000000004,Middle-aged Adults
53,57,Male,10.059999999999999,12.22,16,2.09,4.55,3.42,Phoenix,2.160000000000002,Middle-aged Adults
54,21,Female,4.699999999999999,4.699999999999999,10,0.8,2.84,1.06,Phoenix,0.0,Young Adults
55,19,Male,5.85,10.33,29,0.85,3.81,1.19,New York,4.48,Teens/Adolescents
56,23,Female,7.56,11.78,25,2.09,4.06,1.41,Houston,4.22,Young Adults
57,59,Male,7.5600000000000005,7.5600000000000005,6,3.79,1.71,2.06,Houston,0.0,Middle-aged Adults
58,21,Female,7.83,12.33,29,4.49,2.17,1.17,New York,4.5,Young Adults
59,46,Male,4.76,4.76,22,0.42,4.24,0.1,Phoenix,0.0,Adults
60,35,Male,8.190000000000001,9.65,13,1.97,1.82,4.4,Los Angeles,1.459999999999999,Adults
61,43,Female,9.3,11.4,28,0.5,3.97,4.83,Los Angeles,2.0999999999999996,Adults
62,51,Female,6.49,9.61,13,0.08,4.7,1.71,Phoenix,3.119999999999999,Middle-aged Adults
63,27,Male,8.12,8.12,29,3.31,3.12,1.69,Houston,0.0,Young Adults
64,53,Female,6.76,8.75,13,3.01,3.71,0.04,Los Angeles,1.9900000000000002,Middle-aged Adults
65,31,Male,8.25,8.25,4,0.82,4.03,3.4,Chicago,0.0,Young Adults
66,48,Male,9.530000000000001,12.7,19,1.17,4.23,4.13,Chicago,3.169999999999998,Adults
67,32,Male,2.83,6.26,11,0.12,1.98,0.73,New York,3.4299999999999997,Young Adults
68,25,Female,5.2299999999999995,5.2299999999999995,4,4.17,0.26,0.8,Phoenix,0.0,Young Adults
69,31,Male,10.83,10.83,26,4.87,2.01,3.95,Phoenix,0.0,Young Adults
70,40,Male,7.13,7.13,17,0.68,3.37,3.08,Los Angeles,0.0,Adults
71,57,Female,3.6300000000000003,9.4,18,1.16,2.25,0.22,Houston,5.77,Middle-aged Adults
72,38,Female,11.19,11.19,27,4.34,3.74,3.11,Phoenix,0.0,Adults
73,33,Female,7.95,12.54,6,4.63,1.78,1.54,Los Angeles,4.589999999999999,Young Adults
74,35,Female,7.109999999999999,8.78,10,2.1,3.17,1.84,Los Angeles,1.67,Adults
75,41,Male,5.03,7.53,11,0.25,0.93,3.85,Phoenix,2.5,Adults
76,43,Male,8.0,8.0,28,0.2,3.75,4.05,Los Angeles,0.0,Adults
77,42,Male,7.6,7.6,28,2.87,2.73,2.0,New York,0.0,Adults
78,58,Male,7.720000000000001,7.720000000000001,7,1.96,1.02,4.74,New York,0.0,Middle-aged Adults
79,46,Female,3.63,3.63,18,0.14,1.46,2.03,Phoenix,0.0,Adults
80,32,Male,10.52,10.52,15,2.92,3.74,3.86,Houston,0.0,Young Adults
81,18,Male,4.890000000000001,10.63,9,0.06,2.41,2.42,New York,5.74,Teens/Adolescents
82,42,Female,9.51,9.51,28,3.94,1.08,4.49,New York,0.0,Adults
83,24,Male,10.91,11.78,22,1.53,4.84,4.54,Phoenix,0.8699999999999992,Young Adults
84,26,Male,4.220000000000001,13.89,19,0.2,3.58,0.44,Chicago,9.67,Young Adults
85,41,Male,12.41,12.41,5,2.94,4.79,4.68,Los Angeles,0.0,Adults
86,18,Male,8.26,10.03,7,1.99,2.14,4.13,New York,1.7699999999999996,Teens/Adolescents
87,25,Male,11.21,11.21,21,4.87,2.38,3.96,Chicago,0.0,Young Adults
88,41,Male,8.21,8.21,14,2.72,4.49,1.0,Houston,0.0,Adults
89,28,Female,8.04,8.04,29,1.38,2.63,4.03,Chicago,0.0,Young Adults
90,34,Female,11.34,11.34,9,3.55,3.54,4.25,Phoenix,0.0,Young Adults
91,25,Male,4.07,12.83,11,1.36,1.26,1.45,Houston,8.76,Young Adults
92,52,Male,11.51,11.51,8,4.52,2.23,4.76,Houston,0.0,Middle-aged Adults
93,52,Female,2.74,3.81,28,1.87,0.62,0.25,Chicago,1.0699999999999998,Middle-aged Adults
94,50,Male,4.53,7.07,19,2.75,1.03,0.75,Phoenix,2.54,Middle-aged Adults
95,22,Male,2.94,11.62,18,0.25,0.0,2.69,New York,8.68,Young Adults
96,59,Male,5.21,5.21,25,2.13,0.2,2.88,Chicago,0.0,Middle-aged Adults
97,56,Female,12.280000000000001,12.280000000000001,5,4.16,4.89,3.23,New York,0.0,Middle-aged Adults
98,58,Male,5.32,12.07,23,4.03,1.21,0.08,Chicago,6.75,Middle-aged Adults
99,45,Female,9.239999999999998,9.239999999999998,28,1.12,3.32,4.8,New York,0.0,Adults
100,24,Male,5.55,5.55,6,1.13,4.2,0.22,Chicago,0.0,Young Adults
101,26,Female,7.56,8.05,12,4.09,2.75,0.72,Houston,0.4900000000000011,Young Adults
102,25,Female,5.49,12.2,7,4.65,0.77,0.07,Los Angeles,6.709999999999999,Young Adults
103,29,Male,6.95,8.67,23,0.48,3.64,2.83,Houston,1.7199999999999998,Young Adults
104,51,Female,9.91,9.91,24,2.25,3.0,4.66,New York,0.0,Middle-aged Adults
105,50,Male,8.68,8.68,12,1.69,3.66,3.33,Phoenix,0.0,Middle-aged Adults
106,40,Female,12.309999999999999,12.309999999999999,14,4.35,3.85,4.11,Houston,0.0,Adults
107,41,Male,5.37,8.53,12,0.42,4.88,0.07,Los Angeles,3.1599999999999993,Adults
108,54,Male,6.640000000000001,10.87,15,1.06,2.87,2.71,New York,4.229999999999999,Middle-aged Adults
109,52,Female,7.77,7.77,13,3.76,1.71,2.3,Houston,0.0,Middle-aged Adults
110,57,Male,5.99,12.57,24,0.26,3.24,2.49,Chicago,6.58,Middle-aged Adults
111,39,Male,3.1599999999999997,3.1599999999999997,18,2.46,0.34,0.36,Phoenix,0.0,Adults
112,44,Female,10.120000000000001,10.120000000000001,10,2.21,4.49,3.42,New York,0.0,Adults
113,52,Male,4.79,4.79,10,1.67,0.6,2.52,Houston,0.0,Middle-aged Adults
114,18,Male,7.4399999999999995,7.4399999999999995,29,1.97,1.64,3.83,New York,0.0,Teens/Adolescents
115,52,Female,9.16,9.16,27,2.65,4.08,2.43,Chicago,0.0,Middle-aged Adults
116,54,Female,4.550000000000001,7.65,10,0.81,2.99,0.75,Los Angeles,3.0999999999999996,Middle-aged Adults
117,31,Male,8.07,8.07,15,2.86,1.97,3.24,Houston,0.0,Young Adults
118,20,Male,7.260000000000001,9.39,29,4.03,2.37,0.86,New York,2.13,Young Adults
119,18,Female,12.43,12.43,4,3.8,4.27,4.36,New York,0.0,Teens/Adolescents
120,22,Female,5.539999999999999,10.9,14,0.77,1.7,3.07,New York,5.360000000000001,Young Adults
121,43,Male,5.89,13.31,12,0.75,4.35,0.79,Los Angeles,7.420000000000001,Adults
122,31,Female,6.59,6.59,14,1.34,0.44,4.81,New York,0.0,Young Adults
123,56,Male,8.28,8.28,13,1.81,3.88,2.59,Phoenix,0.0,Middle-aged Adults
124,44,Male,6.640000000000001,6.640000000000001,17,2.04,4.24,0.36,Phoenix,0.0,Adults
125,26,Male,7.4399999999999995,7.4399999999999995,18,3.4,0.91,3.13,New York,0.0,Young Adults
126,32,Male,3.6999999999999997,6.02,19,0.28,2.15,1.27,Phoenix,2.32,Young Adults
127,32,Male,5.02,11.29,28,0.17,0.83,4.02,Houston,6.27,Young Adults
128,43,Female,9.58,9.58,4,1.96,3.53,4.09,Phoenix,0.0,Adults
129,59,Female,11.059999999999999,11.059999999999999,20,3.49,2.68,4.89,New York,0.0,Middle-aged Adults
130,30,Female,6.66,12.01,14,0.97,3.18,2.51,Chicago,5.35,Young Adults
131,49,Female,6.459999999999999,7.9,21,3.21,0.98,2.27,Houston,1.4400000000000013,Adults
132,56,Male,6.130000000000001,11.94,28,1.3,1.06,3.77,Los Angeles,5.809999999999999,Middle-aged Adults
133,49,Male,5.3,8.54,25,4.43,0.21,0.66,New York,3.2399999999999993,Adults
134,21,Male,8.82,8.82,20,4.48,1.61,2.73,Los Angeles,0.0,Young Adults
135,47,Male,7.02,7.02,19,1.49,2.8,2.73,Chicago,0.0,Adults
136,54,Female,5.89,5.89,8,1.15,4.29,0.45,Los Angeles,0.0,Middle-aged Adults
137,40,Male,7.48,13.64,27,2.06,3.33,2.09,New York,6.16,Adults
138,56,Male,7.6499999999999995,7.6499999999999995,17,1.2,2.18,4.27,New York,0.0,Middle-aged Adults
139,32,Female,12.41,13.71,5,3.36,4.77,4.28,Chicago,1.3000000000000007,Young Adults
140,46,Female,8.23,8.23,8,4.13,3.6,0.5,New York,0.0,Adults
141,53,Female,8.469999999999999,8.469999999999999,5,3.37,4.65,0.45,Chicago,0.0,Middle-aged Adults
142,30,Female,8.07,8.07,3,4.12,2.64,1.31,Chicago,0.0,Young Adults
143,49,Male,7.640000000000001,7.640000000000001,15,1.98,1.29,4.37,New York,0.0,Adults
144,24,Male,1.6800000000000002,13.03,23,0.78,0.26,0.64,Phoenix,11.35,Young Adults
145,39,Female,10.92,10.92,28,3.69,3.63,3.6,Chicago,0.0,Adults
146,45,Male,2.92,6.14,16,1.8,0.61,0.51,New York,3.2199999999999998,Adults
147,19,Male,7.99,7.99,15,3.36,1.51,3.12,Phoenix,0.0,Teens/Adolescents
148,59,Male,5.79,5.79,29,1.35,2.66,1.78,Chicago,0.0,Middle-aged Adults
149,23,Female,7.17,7.34,6,0.41,2.82,3.94,Phoenix,0.16999999999999993,Young Adults
150,45,Male,9.129999999999999,9.129999999999999,9,4.96,3.0,1.17,Houston,0.0,Adults
151,45,Female,4.8100000000000005,11.86,24,0.78,0.83,3.2,Houston,7.049999999999999,Adults
152,37,Male,8.02,8.02,12,4.94,1.9,1.18,Phoenix,0.0,Adults
153,47,Male,11.549999999999999,11.549999999999999,9,4.89,3.09,3.57,Chicago,0.0,Adults
154,28,Male,13.190000000000001,13.190000000000001,23,3.97,4.85,4.37,New York,0.0,Young Adults
155,45,Female,7.569999999999999,7.569999999999999,17,3.3,3.64,0.63,Los Angeles,0.0,Adults
156,42,Male,11.83,13.93,17,2.89,4.61,4.33,New York,2.0999999999999996,Adults
157,56,Female,11.110000000000001,11.110000000000001,6,4.33,3.81,2.97,Los Angeles,0.0,Middle-aged Adults
158,50,Female,5.05,5.05,25,1.45,2.96,0.64,Los Angeles,0.0,Middle-aged Adults
159,18,Female,5.4399999999999995,8.89,25,2.34,0.96,2.14,Chicago,3.450000000000001,Teens/Adolescents
160,44,Male,7.2299999999999995,7.2299999999999995,8,3.1,3.33,0.8,Phoenix,0.0,Adults
161,30,Male,8.68,8.68,26,2.06,3.12,3.5,New York,0.0,Young Adults
162,58,Male,8.940000000000001,13.62,22,2.14,3.01,3.79,Phoenix,4.679999999999998,Middle-aged Adults
163,20,Male,4.63,11.06,28,1.65,2.45,0.53,Houston,6.430000000000001,Young Adults
164,56,Female,7.99,13.74,7,2.82,2.64,2.53,Chicago,5.75,Middle-aged Adults
165,23,Female,9.99,9.99,22,4.25,1.67,4.07,Chicago,0.0,Young Adults
166,25,Female,8.29,8.29,14,1.01,2.6,4.68,Houston,0.0,Young Adults
167,44,Male,8.23,8.23,3,4.67,0.99,2.57,New York,0.0,Adults
168,26,Female,12.23,12.23,10,3.45,4.03,4.75,Houston,0.0,Young Adults
169,54,Male,7.73,11.9,3,4.12,0.93,2.68,New York,4.17,Middle-aged Adults
170,50,Female,5.17,5.63,7,2.78,0.42,1.97,Los Angeles,0.45999999999999996,Middle-aged Adults
171,59,Male,10.32,11.75,24,3.9,2.18,4.24,Chicago,1.4299999999999997,Middle-aged Adults
172,41,Male,5.83,10.22,8,0.08,3.29,2.46,New York,4.390000000000001,Adults
173,32,Female,8.639999999999999,8.639999999999999,23,4.09,2.19,2.36,Phoenix,0.0,Young Adults
174,49,Female,4.03,7.6,5,0.2,1.38,2.45,Phoenix,3.5699999999999994,Adults
175,49,Female,11.47,11.47,17,4.45,2.79,4.23,Chicago,0.0,Adults
176,41,Female,10.86,10.86,7,4.96,1.74,4.16,Houston,0.0,Adults
177,58,Male,8.15,11.8,26,1.47,4.66,2.02,Houston,3.6500000000000004,Middle-aged Adults
178,29,Female,7.33,8.08,16,1.05,4.61,1.67,New York,0.75,Young Adults
179,56,Female,8.8,8.8,20,3.83,2.51,2.46,Houston,0.0,Middle-aged Adults
180,19,Female,5.77,8.58,18,1.27,1.64,2.86,Chicago,2.8100000000000005,Teens/Adolescents
181,20,Male,9.209999999999999,14.0,8,4.33,3.69,1.19,New York,4.790000000000001,Young Adults
182,54,Male,4.66,4.66,27,0.51,0.18,3.97,Los Angeles,0.0,Middle-aged Adults
183,34,Female,5.43,11.62,26,0.63,2.37,2.43,Houston,6.1899999999999995,Young Adults
184,19,Male,8.25,8.25,16,4.9,1.68,1.67,Houston,0.0,Teens/Adolescents
185,19,Female,8.5,11.17,29,3.37,4.6,0.53,New York,2.67,Teens/Adolescents
186,45,Male,5.48,10.55,26,4.23,0.06,1.19,Phoenix,5.07,Adults
187,40,Male,9.129999999999999,9.129999999999999,10,1.62,2.76,4.75,Houston,0.0,Adults
188,54,Male,8.61,8.61,9,3.38,3.7,1.53,Chicago,0.0,Middle-aged Adults
189,49,Male,6.24,11.3,10,2.97,2.43,0.84,Houston,5.0600000000000005,Adults
190,50,Female,5.75,7.0,15,3.02,0.43,2.3,Los Angeles,1.25,Middle-aged Adults
191,18,Female,9.809999999999999,10.5,8,3.41,4.86,1.54,Houston,0.6900000000000013,Teens/Adolescents
192,36,Female,5.6499999999999995,5.6499999999999995,20,2.88,2.59,0.18,Phoenix,0.0,Adults
193,19,Male,6.84,12.08,4,2.15,3.07,1.62,Houston,5.24,Teens/Adolescents
194,43,Female,5.279999999999999,10.24,10,1.38,1.18,2.72,New York,4.960000000000001,Adults
195,49,Female,9.02,12.79,13,3.84,2.42,2.76,Houston,3.7699999999999996,Adults
196,23,Female,5.06,5.06,3,1.13,2.15,1.78,Phoenix,0.0,Young Adults
197,49,Male,6.07,8.71,24,3.46,0.37,2.24,New York,2.6400000000000006,Adults
198,21,Male,6.53,8.79,8,1.17,0.53,4.83,Chicago,2.259999999999999,Young Adults
199,28,Male,9.21,9.21,18,3.13,4.19,1.89,New York,0.0,Young Adults
200,34,Female,6.23,6.96,29,3.74,1.2,1.29,Los Angeles,0.7299999999999995,Young Adults
201,55,Female,3.2800000000000002,3.2800000000000002,22,1.09,0.97,1.22,New York,0.0,Middle-aged Adults
202,41,Female,5.109999999999999,10.7,14,0.3,2.52,2.29,Chicago,5.59,Adults
203,22,Male,8.29,8.29,13,0.65,3.84,3.8,Houston,0.0,Young Adults
204,51,Male,4.37,4.37,29,3.03,0.31,1.03,New York,0.0,Middle-aged Adults
205,23,Female,10.68,10.68,12,4.25,2.88,3.55,New York,0.0,Young Adults
206,39,Male,0.9299999999999999,7.07,5,0.22,0.6,0.11,New York,6.140000000000001,Adults
207,28,Male,5.9399999999999995,5.9399999999999995,15,3.67,0.18,2.09,New York,0.0,Young Adults
208,33,Male,5.85,13.6,29,1.71,0.26,3.88,Chicago,7.75,Young Adults
209,50,Male,8.25,13.34,5,2.39,4.17,1.69,Phoenix,5.09,Middle-aged Adults
210,26,Female,8.049999999999999,8.049999999999999,17,4.64,0.59,2.82,Phoenix,0.0,Young Adults
211,23,Male,2.91,2.91,18,1.66,0.23,1.02,New York,0.0,Young Adults
212,33,Male,8.23,10.81,15,2.33,2.19,3.71,Chicago,2.58,Young Adults
213,46,Male,4.55,7.4,19,0.07,4.22,0.26,Chicago,2.8500000000000005,Adults
214,20,Male,5.9799999999999995,5.9799999999999995,5,0.41,1.31,4.26,New York,0.0,Young Adults
215,37,Female,4.39,7.39,22,1.29,2.11,0.99,Los Angeles,3.0,Adults
216,53,Female,4.71,7.79,13,0.14,0.2,4.37,New York,3.08,Middle-aged Adults
217,36,Male,7.17,8.32,29,3.16,2.25,1.76,Los Angeles,1.1500000000000004,Adults
218,43,Male,8.629999999999999,8.629999999999999,23,2.13,2.89,3.61,New York,0.0,Adults
219,20,Male,7.1899999999999995,8.87,21,2.74,2.85,1.6,Los Angeles,1.6799999999999997,Young Adults
220,36,Male,7.0600000000000005,12.94,24,0.87,1.66,4.53,Los Angeles,5.879999999999999,Adults
221,37,Male,3.69,5.71,13,1.48,1.58,0.63,New York,2.02,Adults
222,49,Male,4.739999999999999,10.43,18,3.32,0.53,0.89,Los Angeles,5.69,Adults
223,24,Female,9.13,12.63,23,4.83,1.83,2.47,Houston,3.5,Young Adults
224,58,Male,1.16,6.93,5,0.25,0.5,0.41,Phoenix,5.77,Middle-aged Adults
225,50,Female,9.260000000000002,9.260000000000002,24,4.45,3.83,0.98,Chicago,0.0,Middle-aged Adults
226,57,Female,12.43,12.43,8,2.88,4.83,4.72,Los Angeles,0.0,Middle-aged Adults
227,56,Male,12.55,12.55,16,2.82,4.85,4.88,Los Angeles,0.0,Middle-aged Adults
228,35,Female,8.71,11.49,26,2.5,4.33,1.88,Chicago,2.7799999999999994,Adults
229,57,Female,7.970000000000001,7.970000000000001,20,0.35,3.0,4.62,Los Angeles,0.0,Middle-aged Adults
230,18,Female,6.67,13.95,19,0.45,3.5,2.72,Chicago,7.279999999999999,Teens/Adolescents
231,28,Female,5.779999999999999,5.779999999999999,6,3.0,1.43,1.35,New York,0.0,Young Adults
232,45,Female,8.36,8.36,25,1.7,3.15,3.51,Houston,0.0,Adults
233,42,Female,10.16,10.16,17,4.59,2.28,3.29,Houston,0.0,Adults
234,40,Male,9.39,9.39,13,2.03,2.41,4.95,Phoenix,0.0,Adults
235,48,Female,5.84,5.84,28,0.72,3.79,1.33,Los Angeles,0.0,Adults
236,47,Female,8.34,8.34,5,3.57,1.41,3.36,Phoenix,0.0,Adults
237,59,Female,3.3200000000000003,4.33,5,1.47,1.59,0.26,New York,1.0099999999999998,Middle-aged Adults
238,52,Male,7.82,7.82,18,2.63,4.62,0.57,Houston,0.0,Middle-aged Adults
239,24,Female,3.7900000000000005,13.63,7,3.49,0.28,0.02,New York,9.84,Young Adults
240,33,Male,11.93,11.93,23,4.5,2.43,5.0,New York,0.0,Young Adults
241,43,Female,12.53,12.53,12,3.96,4.56,4.01,Los Angeles,0.0,Adults
242,19,Male,10.36,10.91,21,3.38,3.05,3.93,New York,0.5500000000000007,Teens/Adolescents
243,18,Male,8.68,13.08,27,3.4,2.73,2.55,Houston,4.4,Teens/Adolescents
244,29,Female,7.48,7.48,6,4.73,1.25,1.5,Phoenix,0.0,Young Adults
245,22,Female,3.96,12.34,21,1.48,1.72,0.76,Houston,8.379999999999999,Young Adults
246,54,Male,5.6899999999999995,7.85,13,0.01,4.26,1.42,Los Angeles,2.16,Middle-aged Adults
247,49,Female,6.04,9.22,4,1.36,2.8,1.88,Houston,3.1800000000000006,Adults
248,26,Male,7.4399999999999995,9.38,12,1.09,2.57,3.78,Chicago,1.9400000000000013,Young Adults
249,58,Male,6.51,11.66,13,3.31,0.5,2.7,Phoenix,5.15,Middle-aged Adults
250,52,Male,3.64,5.33,27,3.17,0.08,0.39,Chicago,1.69,Middle-aged Adults
251,36,Male,7.880000000000001,10.53,22,2.97,4.82,0.09,Chicago,2.6499999999999986,Adults
252,33,Male,2.4699999999999998,7.87,18,0.08,1.88,0.51,Los Angeles,5.4,Young Adults
253,20,Female,8.71,11.31,21,3.64,3.02,2.05,New York,2.5999999999999996,Young Adults
254,37,Male,6.6899999999999995,13.88,25,1.62,0.4,4.67,Chicago,7.190000000000001,Adults
255,41,Male,9.94,9.94,26,3.33,3.42,3.19,Houston,0.0,Adults
256,50,Female,11.45,13.93,13,2.78,4.66,4.01,New York,2.4800000000000004,Middle-aged Adults
257,41,Male,6.92,6.92,16,1.71,2.88,2.33,Houston,0.0,Adults
258,28,Female,3.1100000000000003,3.1100000000000003,4,0.67,0.63,1.81,Houston,0.0,Young Adults
259,25,Female,3.92,3.92,25,0.47,2.91,0.54,New York,0.0,Young Adults
260,53,Female,12.370000000000001,12.370000000000001,7,4.16,3.83,4.38,New York,0.0,Middle-aged Adults
261,55,Male,10.54,10.54,29,4.59,2.03,3.92,Houston,0.0,Middle-aged Adults
262,57,Male,8.49,8.49,7,3.25,4.4,0.84,Los Angeles,0.0,Middle-aged Adults
263,37,Male,6.32,6.32,21,0.52,3.24,2.56,Phoenix,0.0,Adults
264,52,Female,8.95,13.18,23,2.01,4.5,2.44,Phoenix,4.23,Middle-aged Adults
265,42,Male,9.89,11.69,14,3.64,3.12,3.13,Los Angeles,1.799999999999999,Adults
266,52,Female,9.29,11.52,20,3.9,0.66,4.73,New York,2.2300000000000004,Middle-aged Adults
267,42,Male,5.04,12.5,6,0.59,1.55,2.9,Houston,7.46,Adults
268,46,Female,3.71,10.1,24,0.0,1.01,2.7,Phoenix,6.39,Adults
269,35,Male,8.35,8.35,19,3.56,4.54,0.25,Houston,0.0,Adults
270,35,Male,5.89,6.19,12,1.78,3.8,0.31,Los Angeles,0.3000000000000007,Adults
271,19,Male,5.59,10.4,22,1.27,3.38,0.94,Houston,4.8100000000000005,Teens/Adolescents
272,52,Female,1.72,4.64,8,0.06,1.5,0.16,Los Angeles,2.92,Middle-aged Adults
273,33,Female,7.34,9.94,27,2.7,0.92,3.72,New York,2.5999999999999996,Young Adults
274,58,Male,11.66,11.66,16,4.26,3.78,3.62,Los Angeles,0.0,Middle-aged Adults
275,53,Male,7.84,7.84,13,4.79,2.37,0.68,Los Angeles,0.0,Middle-aged Adults
276,50,Female,8.14,8.14,13,2.83,1.13,4.18,Phoenix,0.0,Middle-aged Adults
277,21,Female,6.42,9.22,20,2.57,3.08,0.77,Houston,2.8000000000000007,Young Adults
278,50,Female,2.14,8.5,29,0.43,0.2,1.51,Phoenix,6.359999999999999,Middle-aged Adults
279,31,Male,5.61,10.07,25,2.74,1.63,1.24,Chicago,4.46,Young Adults
280,38,Female,6.1000000000000005,6.1000000000000005,24,1.9,2.34,1.86,Los Angeles,0.0,Adults
281,37,Male,5.050000000000001,5.050000000000001,20,3.04,0.74,1.27,Chicago,0.0,Adults
282,25,Female,9.299999999999999,12.3,26,1.94,4.92,2.44,Phoenix,3.0000000000000018,Young Adults
283,24,Male,4.29,9.86,25,1.2,1.05,2.04,Houston,5.569999999999999,Young Adults
284,20,Female,6.05,6.05,13,0.47,0.65,4.93,Phoenix,0.0,Young Adults
285,34,Female,2.87,11.95,23,1.57,1.02,0.28,Houston,9.079999999999998,Young Adults
286,50,Female,5.04,5.04,14,0.48,3.85,0.71,Houston,0.0,Middle-aged Adults
287,29,Female,3.2699999999999996,7.22,7,0.88,2.13,0.26,New York,3.95,Young Adults
288,39,Female,10.9,10.9,25,4.94,2.83,3.13,Los Angeles,0.0,Adults
289,39,Male,2.6,10.23,11,2.22,0.11,0.27,Phoenix,7.630000000000001,Adults
290,47,Female,7.01,9.67,29,2.66,0.17,4.18,Houston,2.66,Adults
291,55,Female,9.16,9.16,27,4.37,2.23,2.56,Phoenix,0.0,Middle-aged Adults
292,55,Female,11.700000000000001,12.22,11,4.98,4.08,2.64,Phoenix,0.5199999999999996,Middle-aged Adults
293,25,Male,10.15,10.15,24,2.91,4.43,2.81,Houston,0.0,Young Adults
294,44,Female,5.339999999999999,5.339999999999999,12,4.06,0.43,0.85,Chicago,0.0,Adults
295,44,Male,5.3100000000000005,5.3100000000000005,24,1.63,2.69,0.99,Los Angeles,0.0,Adults
296,51,Female,7.69,7.69,21,1.53,4.57,1.59,Los Angeles,0.0,Middle-aged Adults
297,38,Female,6.92,6.92,3,2.01,1.94,2.97,New York,0.0,Adults
298,47,Male,8.56,8.58,9,3.36,4.15,1.05,New York,0.019999999999999574,Adults
299,50,Female,4.66,11.95,6,3.41,0.67,0.58,New York,7.289999999999999,Middle-aged Adults
300,45,Male,11.11,11.11,3,1.58,4.68,4.85,Los Angeles,0.0,Adults
301,50,Male,4.54,4.54,17,0.67,3.76,0.11,Chicago,0.0,Middle-aged Adults
302,22,Female,11.879999999999999,11.879999999999999,10,3.16,4.71,4.01,Los Angeles,0.0,Young Adults
303,36,Male,7.959999999999999,7.959999999999999,14,0.64,3.38,3.94,Los Angeles,0.0,Adults
304,21,Female,6.2,6.41,24,2.89,1.82,1.49,Los Angeles,0.20999999999999996,Young Adults
305,52,Female,8.84,10.87,24,3.47,4.69,0.68,Los Angeles,2.0299999999999994,Middle-aged Adults
306,34,Male,5.609999999999999,5.609999999999999,20,3.5,1.38,0.73,Chicago,0.0,Young Adults
307,45,Male,8.92,10.36,17,3.77,1.66,3.49,New York,1.4399999999999995,Adults
308,47,Male,11.07,12.27,19,4.36,3.5,3.21,Phoenix,1.1999999999999993,Adults
309,46,Male,10.24,10.24,16,2.5,3.83,3.91,New York,0.0,Adults
310,23,Female,12.990000000000002,12.990000000000002,16,3.65,4.65,4.69,New York,0.0,Young Adults
311,52,Female,7.58,8.21,20,3.1,1.02,3.46,Phoenix,0.6300000000000008,Middle-aged Adults
312,58,Male,5.7,9.28,22,0.93,3.99,0.78,Los Angeles,3.579999999999999,Middle-aged Adults
313,54,Female,5.04,7.84,20,0.13,3.69,1.22,Chicago,2.8,Middle-aged Adults
314,41,Female,5.95,7.02,18,1.42,0.32,4.21,Chicago,1.0699999999999994,Adults
315,46,Female,5.21,5.21,3,2.22,1.94,1.05,New York,0.0,Adults
316,48,Female,4.86,4.94,25,3.09,1.41,0.36,Phoenix,0.08000000000000007,Adults
317,52,Male,9.29,9.29,29,4.25,1.52,3.52,Houston,0.0,Middle-aged Adults
318,50,Male,7.9,8.32,13,0.98,4.91,2.01,Los Angeles,0.41999999999999993,Middle-aged Adults
319,38,Female,8.44,8.44,17,0.63,3.21,4.6,New York,0.0,Adults
320,49,Male,11.66,12.92,14,4.82,3.59,3.25,Chicago,1.2599999999999998,Adults
321,40,Male,5.87,10.37,10,0.54,4.88,0.45,Phoenix,4.499999999999999,Adults
322,50,Male,9.02,9.02,24,2.39,1.89,4.74,Phoenix,0.0,Middle-aged Adults
323,20,Female,8.23,8.23,22,2.93,4.01,1.29,New York,0.0,Young Adults
324,35,Female,6.57,12.47,8,2.71,2.17,1.69,Houston,5.9,Adults
325,42,Female,6.789999999999999,11.71,5,0.43,4.35,2.01,Chicago,4.920000000000002,Adults
326,59,Male,1.45,10.38,26,0.29,0.9,0.26,New York,8.930000000000001,Middle-aged Adults
327,48,Female,7.75,7.75,28,0.53,4.74,2.48,Houston,0.0,Adults
328,20,Female,4.640000000000001,6.23,15,2.93,1.09,0.62,Phoenix,1.5899999999999999,Young Adults
329,57,Male,6.35,6.35,15,2.72,1.63,2.0,Los Angeles,0.0,Middle-aged Adults
330,41,Female,6.699999999999999,6.699999999999999,4,1.17,3.78,1.75,Chicago,0.0,Adults
331,49,Female,9.02,11.18,7,3.19,1.97,3.86,Chicago,2.16,Adults
332,39,Male,11.16,11.16,19,4.1,3.04,4.02,Houston,0.0,Adults
333,40,Male,3.2,8.72,8,0.21,2.22,0.77,New York,5.5200000000000005,Adults
334,19,Male,8.030000000000001,12.64,4,2.49,3.71,1.83,Phoenix,4.609999999999999,Teens/Adolescents
335,44,Female,6.46,8.58,6,3.45,1.14,1.87,Houston,2.12,Adults
336,59,Female,2.31,7.07,24,1.26,0.29,0.76,Los Angeles,4.76,Middle-aged Adults
337,19,Female,7.03,7.03,28,1.54,1.5,3.99,Los Angeles,0.0,Teens/Adolescents
338,43,Male,8.98,13.23,13,3.07,2.37,3.54,Los Angeles,4.25,Adults
339,34,Male,6.28,6.28,10,4.49,0.84,0.95,Houston,0.0,Young Adults
340,57,Female,7.65,13.1,14,4.05,1.77,1.83,Phoenix,5.449999999999999,Middle-aged Adults
341,50,Female,5.45,11.75,10,2.92,2.0,0.53,Chicago,6.3,Middle-aged Adults
342,26,Male,7.08,7.08,13,3.65,0.29,3.14,New York,0.0,Young Adults
343,56,Male,5.3500000000000005,8.34,24,1.82,2.92,0.61,Chicago,2.9899999999999993,Middle-aged Adults
344,46,Male,12.55,12.55,22,3.2,4.42,4.93,Phoenix,0.0,Adults
345,59,Male,6.99,8.43,10,2.33,0.76,3.9,Chicago,1.4399999999999995,Middle-aged Adults
346,43,Female,5.890000000000001,12.79,10,0.95,2.99,1.95,Houston,6.899999999999999,Adults
347,52,Male,9.72,13.26,28,3.51,3.32,2.89,Los Angeles,3.539999999999999,Middle-aged Adults
348,42,Female,9.44,9.44,19,2.78,2.1,4.56,Phoenix,0.0,Adults
349,41,Female,8.07,8.07,22,1.79,3.51,2.77,Phoenix,0.0,Adults
350,30,Female,7.4799999999999995,13.17,22,4.56,2.05,0.87,Chicago,5.69,Young Adults
351,24,Male,4.51,9.78,25,0.1,2.52,1.89,Houston,5.27,Young Adults
352,53,Male,5.84,5.84,18,1.58,0.04,4.22,Chicago,0.0,Middle-aged Adults
353,37,Male,6.960000000000001,6.960000000000001,16,0.28,3.46,3.22,Chicago,0.0,Adults
354,18,Male,10.39,10.39,13,3.83,3.31,3.25,Phoenix,0.0,Teens/Adolescents
355,25,Female,8.03,13.09,9,3.51,0.19,4.33,Chicago,5.0600000000000005,Young Adults
356,33,Male,7.97,11.98,18,1.66,1.84,4.47,Los Angeles,4.010000000000001,Young Adults
357,31,Male,12.88,12.88,15,3.38,4.9,4.6,Chicago,0.0,Young Adults
358,29,Female,4.55,4.55,29,1.98,2.1,0.47,Los Angeles,0.0,Young Adults
359,40,Male,9.01,9.01,17,3.78,2.51,2.72,Phoenix,0.0,Adults
360,32,Female,10.52,12.38,26,2.27,4.55,3.7,Houston,1.8600000000000012,Young Adults
361,45,Female,9.43,9.43,18,2.06,3.59,3.78,Los Angeles,0.0,Adults
362,51,Female,10.61,10.61,29,4.67,2.91,3.03,Houston,0.0,Middle-aged Adults
363,19,Female,6.07,6.07,23,1.25,3.99,0.83,Houston,0.0,Teens/Adolescents
364,49,Female,8.91,9.79,25,0.6,4.32,3.99,Los Angeles,0.879999999999999,Adults
365,40,Female,8.799999999999999,13.27,26,2.92,2.28,3.6,Phoenix,4.470000000000001,Adults
366,39,Female,7.659999999999999,7.659999999999999,11,4.85,2.38,0.43,New York,0.0,Adults
367,42,Female,6.14,7.18,5,1.89,1.93,2.32,Houston,1.04,Adults
368,39,Male,6.01,9.25,21,0.31,4.83,0.87,Houston,3.24,Adults
369,39,Male,6.880000000000001,13.99,22,1.7,3.49,1.69,Phoenix,7.109999999999999,Adults
370,59,Male,3.0399999999999996,3.0399999999999996,7,2.53,0.42,0.09,Phoenix,0.0,Middle-aged Adults
371,23,Male,7.119999999999999,7.48,12,0.81,4.31,2.0,Chicago,0.3600000000000012,Young Adults
372,32,Female,8.44,8.44,19,3.29,2.4,2.75,Phoenix,0.0,Young Adults
373,54,Male,8.43,12.26,17,4.99,0.34,3.1,Houston,3.83,Middle-aged Adults
374,50,Female,8.33,8.33,25,2.26,2.75,3.32,Los Angeles,0.0,Middle-aged Adults
375,25,Male,8.04,8.04,27,1.77,2.09,4.18,New York,0.0,Young Adults
376,22,Male,7.47,9.25,10,2.0,4.39,1.08,Chicago,1.7800000000000002,Young Adults
377,56,Male,2.2,11.02,17,0.58,1.02,0.6,Los Angeles,8.82,Middle-aged Adults
378,21,Female,12.81,12.81,23,4.42,4.13,4.26,New York,0.0,Young Adults
379,23,Male,5.64,12.17,16,2.07,2.79,0.78,New York,6.53,Young Adults
380,49,Female,7.08,7.08,22,1.94,0.27,4.87,New York,0.0,Adults
381,47,Female,12.370000000000001,12.370000000000001,9,3.3,4.86,4.21,Los Angeles,0.0,Adults
382,52,Male,7.27,7.27,23,2.21,2.56,2.5,Chicago,0.0,Middle-aged Adults
383,57,Male,9.600000000000001,10.36,25,3.24,1.45,4.91,Chicago,0.759999999999998,Middle-aged Adults
384,33,Male,3.1500000000000004,5.83,14,0.31,2.35,0.49,New York,2.6799999999999997,Young Adults
385,30,Female,9.879999999999999,12.31,19,4.07,4.29,1.52,Los Angeles,2.4300000000000015,Young Adults
386,59,Male,9.41,10.5,19,4.7,1.52,3.19,New York,1.0899999999999999,Middle-aged Adults
387,47,Female,5.95,9.42,12,3.24,0.96,1.75,Phoenix,3.4699999999999998,Adults
388,36,Female,10.059999999999999,11.35,21,4.77,0.65,4.64,Chicago,1.290000000000001,Adults
389,34,Male,2.58,10.8,16,0.76,1.49,0.33,Houston,8.22,Young Adults
390,36,Male,9.04,9.04,13,2.39,3.9,2.75,New York,0.0,Adults
391,45,Female,8.32,8.32,4,3.01,2.36,2.95,Phoenix,0.0,Adults
392,43,Female,7.31,13.1,20,2.91,1.14,3.26,Chicago,5.79,Adults
393,54,Female,4.12,4.12,9,2.01,0.83,1.28,Los Angeles,0.0,Middle-aged Adults
394,43,Male,5.17,10.58,14,1.69,1.66,1.82,Chicago,5.41,Adults
395,40,Female,9.55,13.67,28,0.63,4.7,4.22,Los Angeles,4.119999999999999,Adults
396,26,Male,4.6499999999999995,4.6499999999999995,4,1.96,1.72,0.97,Los Angeles,0.0,Young Adults
397,29,Female,9.879999999999999,9.879999999999999,29,0.81,4.94,4.13,New York,0.0,Young Adults
398,18,Female,8.91,8.91,22,3.67,2.43,2.81,New York,0.0,Teens/Adolescents
399,18,Male,5.75,8.53,20,1.04,0.9,3.81,Chicago,2.7799999999999994,Teens/Adolescents
400,51,Female,8.32,8.32,8,0.29,4.46,3.57,Phoenix,0.0,Middle-aged Adults
401,49,Male,6.1,6.1,26,2.76,2.3,1.04,Chicago,0.0,Adults
402,42,Male,9.37,9.67,12,2.98,3.55,2.84,Houston,0.3000000000000007,Adults
403,57,Female,13.620000000000001,13.620000000000001,22,4.36,4.92,4.34,Los Angeles,0.0,Middle-aged Adults
404,18,Male,5.29,11.17,17,2.88,0.25,2.16,Los Angeles,5.88,Teens/Adolescents
405,33,Male,7.04,8.07,7,1.73,0.48,4.83,New York,1.0300000000000002,Young Adults
406,56,Female,9.879999999999999,9.879999999999999,22,4.02,3.6,2.26,Phoenix,0.0,Middle-aged Adults
407,22,Male,4.82,9.94,5,2.7,1.41,0.71,New York,5.119999999999999,Young Adults
408,39,Male,3.27,4.14,7,0.4,0.92,1.95,Houston,0.8699999999999997,Adults
409,46,Male,7.79,12.84,27,2.83,0.2,4.76,Chicago,5.05,Adults
410,20,Female,6.25,11.9,10,4.54,0.11,1.6,Chicago,5.65,Young Adults
411,29,Male,10.19,10.22,10,1.98,3.87,4.34,Phoenix,0.030000000000001137,Young Adults
412,43,Female,6.5600000000000005,13.33,10,1.48,0.67,4.41,New York,6.77,Adults
413,33,Female,4.81,4.81,14,0.72,2.34,1.75,New York,0.0,Young Adults
414,54,Male,4.21,10.57,26,0.76,3.03,0.42,Houston,6.36,Middle-aged Adults
415,39,Male,7.920000000000001,7.920000000000001,25,2.16,2.14,3.62,Chicago,0.0,Adults
416,46,Male,4.68,12.78,10,2.98,0.14,1.56,New York,8.1,Adults
417,31,Female,8.23,8.23,13,0.4,3.92,3.91,Phoenix,0.0,Young Adults
418,45,Male,6.96,10.42,16,4.7,0.05,2.21,Chicago,3.46,Adults
419,22,Male,10.02,12.41,10,3.78,3.81,2.43,Houston,2.3900000000000006,Young Adults
420,47,Male,11.290000000000001,11.290000000000001,26,2.93,4.47,3.89,Phoenix,0.0,Adults
421,22,Male,8.209999999999999,8.209999999999999,12,4.14,2.16,1.91,Los Angeles,0.0,Young Adults
422,29,Male,5.300000000000001,10.91,9,0.4,2.68,2.22,Houston,5.609999999999999,Young Adults
423,33,Female,6.64,6.91,19,2.38,2.38,1.88,Phoenix,0.27000000000000046,Young Adults
424,43,Female,6.9399999999999995,6.9399999999999995,6,3.15,1.95,1.84,New York,0.0,Adults
425,43,Male,11.21,11.21,15,4.14,4.44,2.63,Los Angeles,0.0,Adults
426,38,Male,12.43,12.43,6,3.92,4.47,4.04,Houston,0.0,Adults
427,56,Male,4.88,12.14,7,1.39,1.68,1.81,New York,7.260000000000001,Middle-aged Adults
428,53,Male,10.4,10.4,28,4.7,3.08,2.62,Los Angeles,0.0,Middle-aged Adults
429,50,Female,8.6,8.6,24,0.62,4.63,3.35,Chicago,0.0,Middle-aged Adults
430,47,Male,10.54,10.54,6,4.38,4.81,1.35,New York,0.0,Adults
431,54,Female,8.78,8.78,20,4.85,2.54,1.39,Phoenix,0.0,Middle-aged Adults
432,40,Female,7.82,7.82,8,0.89,2.26,4.67,Houston,0.0,Adults
433,27,Male,8.620000000000001,8.620000000000001,26,3.61,1.39,3.62,Los Angeles,0.0,Young Adults
434,22,Female,7.880000000000001,7.880000000000001,26,0.2,4.79,2.89,New York,0.0,Young Adults
435,53,Female,5.98,5.98,25,2.03,0.71,3.24,Chicago,0.0,Middle-aged Adults
436,51,Female,5.630000000000001,10.61,24,2.58,2.9,0.15,Houston,4.979999999999999,Middle-aged Adults
437,48,Female,7.3999999999999995,7.3999999999999995,4,2.9,1.41,3.09,Houston,0.0,Adults
438,27,Male,8.629999999999999,9.34,25,4.68,1.4,2.55,New York,0.7100000000000009,Young Adults
439,36,Male,8.11,8.42,13,3.36,2.02,2.73,Chicago,0.3100000000000005,Adults
440,49,Female,9.200000000000001,9.200000000000001,16,2.41,4.99,1.8,Los Angeles,0.0,Adults
441,18,Male,4.73,9.62,7,4.05,0.27,0.41,New York,4.889999999999999,Teens/Adolescents
442,22,Male,8.610000000000001,8.610000000000001,8,4.75,2.89,0.97,Los Angeles,0.0,Young Adults
443,21,Male,5.27,12.43,12,0.11,0.41,4.75,Houston,7.16,Young Adults
444,33,Male,7.72,9.78,10,4.91,0.77,2.04,Los Angeles,2.0599999999999996,Young Adults
445,41,Male,4.960000000000001,8.11,16,0.43,2.2,2.33,Chicago,3.1499999999999986,Adults
446,33,Female,6.88,11.79,26,4.07,2.55,0.26,Phoenix,4.909999999999999,Young Adults
447,19,Male,2.88,8.88,5,1.4,1.29,0.19,Chicago,6.000000000000001,Teens/Adolescents
448,45,Male,5.83,5.83,14,0.66,1.58,3.59,Los Angeles,0.0,Adults
449,49,Male,5.32,5.32,18,2.2,0.43,2.69,New York,0.0,Adults
450,44,Male,7.28,7.28,25,3.22,1.52,2.54,Houston,0.0,Adults
451,37,Female,7.95,12.69,19,1.9,4.83,1.22,Phoenix,4.739999999999999,Adults
452,41,Female,8.71,10.23,3,0.27,4.72,3.72,New York,1.5199999999999996,Adults
453,29,Female,5.51,13.19,25,3.0,1.67,0.84,New York,7.68,Young Adults
454,52,Female,8.309999999999999,8.84,12,4.51,2.85,0.95,Chicago,0.5300000000000011,Middle-aged Adults
455,50,Male,8.77,8.77,27,1.92,4.55,2.3,Los Angeles,0.0,Middle-aged Adults
456,50,Female,2.54,2.54,25,1.08,0.03,1.43,Chicago,0.0,Middle-aged Adults
457,54,Male,7.5,9.73,12,2.21,4.05,1.24,Los Angeles,2.2300000000000004,Middle-aged Adults
458,29,Male,8.21,8.57,23,0.24,4.74,3.23,Chicago,0.35999999999999943,Young Adults
459,20,Male,7.81,13.87,26,4.1,0.46,3.25,New York,6.06,Young Adults
460,18,Male,9.059999999999999,9.059999999999999,4,4.13,0.81,4.12,Houston,0.0,Teens/Adolescents
461,50,Male,9.83,9.83,11,2.94,4.8,2.09,Los Angeles,0.0,Middle-aged Adults
462,57,Female,4.83,9.46,24,1.77,2.69,0.37,Phoenix,4.630000000000001,Middle-aged Adults
463,27,Female,5.44,9.38,15,4.0,0.07,1.37,Phoenix,3.9400000000000004,Young Adults
464,46,Female,8.96,8.96,27,2.77,1.29,4.9,New York,0.0,Adults
465,30,Female,9.36,11.1,18,4.13,2.25,2.98,Chicago,1.7400000000000002,Young Adults
466,29,Male,10.17,10.17,20,3.16,3.46,3.55,Chicago,0.0,Young Adults
467,48,Female,7.63,10.43,21,3.92,3.67,0.04,New York,2.8,Adults
468,19,Male,10.56,10.56,14,2.99,4.98,2.59,Phoenix,0.0,Teens/Adolescents
469,52,Female,3.6999999999999997,12.65,10,2.07,1.44,0.19,Phoenix,8.950000000000001,Middle-aged Adults
470,40,Male,10.33,12.01,19,4.79,2.69,2.85,Chicago,1.6799999999999997,Adults
471,34,Male,9.98,9.98,17,2.71,2.67,4.6,Los Angeles,0.0,Young Adults
472,43,Female,9.899999999999999,9.899999999999999,12,3.03,2.03,4.84,Houston,0.0,Adults
473,25,Male,4.65,13.76,17,1.1,0.85,2.7,Los Angeles,9.11,Young Adults
474,46,Male,10.309999999999999,10.309999999999999,17,3.13,4.89,2.29,Phoenix,0.0,Adults
475,43,Female,11.86,12.78,25,2.86,4.27,4.73,Los Angeles,0.9199999999999999,Adults
476,27,Male,6.78,6.78,9,0.92,2.49,3.37,Houston,0.0,Young Adults
477,43,Female,3.6399999999999997,9.36,15,0.3,3.02,0.32,Los Angeles,5.72,Adults
478,51,Female,6.49,11.53,19,3.02,1.14,2.33,Los Angeles,5.039999999999999,Middle-aged Adults
479,58,Female,7.74,13.32,11,3.82,2.72,1.2,Los Angeles,5.58,Middle-aged Adults
480,24,Male,8.44,8.44,10,2.62,3.47,2.35,Los Angeles,0.0,Young Adults
481,21,Male,5.99,10.42,22,1.13,2.58,2.28,New York,4.43,Young Adults
482,28,Male,11.190000000000001,11.190000000000001,28,3.33,4.95,2.91,Phoenix,0.0,Young Adults
483,46,Female,5.24,5.24,29,0.4,3.06,1.78,Houston,0.0,Adults
484,53,Male,4.880000000000001,9.97,23,2.21,1.85,0.82,Phoenix,5.09,Middle-aged Adults
485,42,Female,7.199999999999999,9.97,20,0.82,3.86,2.52,New York,2.7700000000000014,Adults
486,38,Female,5.92,13.1,15,0.92,0.85,4.15,New York,7.18,Adults
487,53,Male,6.25,7.47,18,1.01,1.92,3.32,New York,1.2199999999999998,Middle-aged Adults
488,27,Female,5.35,5.35,11,1.93,1.73,1.69,New York,0.0,Young Adults
489,54,Male,7.1,7.1,14,0.26,2.16,4.68,Los Angeles,0.0,Middle-aged Adults
490,26,Male,10.46,10.46,14,1.99,3.91,4.56,Phoenix,0.0,Young Adults
491,41,Male,6.03,6.03,8,2.56,2.42,1.05,Chicago,0.0,Adults
492,52,Male,6.590000000000001,10.89,21,2.42,3.97,0.2,Houston,4.3,Middle-aged Adults
493,52,Male,8.5,8.5,9,1.91,2.88,3.71,New York,0.0,Middle-aged Adults
494,53,Female,10.05,13.34,27,4.2,1.71,4.14,Phoenix,3.289999999999999,Middle-aged Adults
495,35,Female,9.62,13.51,5,0.73,4.05,4.84,New York,3.8900000000000006,Adults
496,56,Female,8.17,9.07,18,2.53,1.19,4.45,New York,0.9000000000000004,Middle-aged Adults
497,49,Male,4.43,13.07,20,0.31,1.12,3.0,New York,8.64,Adults
498,41,Male,5.529999999999999,10.89,18,0.36,2.52,2.65,New York,5.360000000000001,Adults
499,40,Male,4.31,8.11,25,2.87,1.3,0.14,New York,3.8,Adults
500,49,Female,4.109999999999999,4.109999999999999,9,2.83,0.05,1.23,Houston,0.0,Adults
501,54,Male,9.93,9.93,6,4.39,3.24,2.3,Phoenix,0.0,Middle-aged Adults
502,29,Female,8.49,8.49,29,2.79,2.56,3.14,New York,0.0,Young Adults
503,30,Female,9.82,12.23,27,4.8,2.23,2.79,New York,2.41,Young Adults
504,40,Male,8.780000000000001,8.780000000000001,10,0.24,4.83,3.71,New York,0.0,Adults
505,42,Male,4.75,12.67,15,0.49,2.86,1.4,New York,7.92,Adults
506,52,Female,7.359999999999999,9.77,15,0.22,4.32,2.82,Los Angeles,2.41,Middle-aged Adults
507,58,Male,2.07,2.78,19,0.93,0.7,0.44,Los Angeles,0.71,Middle-aged Adults
508,47,Female,7.630000000000001,13.93,19,2.71,2.85,2.07,Chicago,6.299999999999999,Adults
509,34,Male,11.32,11.32,7,3.23,4.34,3.75,New York,0.0,Young Adults
510,37,Male,6.62,6.62,8,0.23,2.92,3.47,Chicago,0.0,Adults
511,42,Female,13.27,13.27,21,4.73,3.59,4.95,Houston,0.0,Adults
512,39,Male,7.46,7.46,15,4.21,1.86,1.39,Chicago,0.0,Adults
513,30,Female,4.43,9.28,27,1.48,0.46,2.49,Phoenix,4.85,Young Adults
514,36,Male,4.33,7.48,28,0.39,2.29,1.65,Los Angeles,3.1500000000000004,Adults
515,53,Female,5.02,6.29,16,0.85,1.97,2.2,Los Angeles,1.2700000000000005,Middle-aged Adults
516,29,Female,9.25,13.39,24,0.63,4.34,4.28,New York,4.140000000000001,Young Adults
517,58,Male,5.26,7.79,6,0.62,1.22,3.42,New York,2.5300000000000002,Middle-aged Adults
518,36,Female,11.83,11.83,9,2.59,4.83,4.41,Houston,0.0,Adults
519,29,Male,7.039999999999999,7.039999999999999,10,1.23,4.79,1.02,Houston,0.0,Young Adults
520,26,Male,7.4,12.95,27,1.79,1.24,4.37,Phoenix,5.549999999999999,Young Adults
521,24,Male,6.99,6.99,15,4.95,1.74,0.3,New York,0.0,Young Adults
522,45,Female,12.34,12.34,29,3.42,4.48,4.44,New York,0.0,Adults
523,31,Female,11.22,11.22,8,4.74,4.83,1.65,Houston,0.0,Young Adults
524,48,Male,4.5,4.5,8,0.71,2.22,1.57,Houston,0.0,Adults
525,36,Male,6.07,11.78,26,1.91,1.6,2.56,Houston,5.709999999999999,Adults
526,33,Female,10.100000000000001,10.52,23,2.77,2.63,4.7,Los Angeles,0.41999999999999815,Young Adults
527,22,Male,4.06,5.62,5,0.38,3.44,0.24,Chicago,1.5600000000000005,Young Adults
528,52,Male,3.1500000000000004,10.08,5,0.02,1.37,1.76,Chicago,6.93,Middle-aged Adults
529,29,Female,11.31,11.31,15,3.35,3.68,4.28,New York,0.0,Young Adults
530,42,Male,5.449999999999999,13.39,24,3.21,0.26,1.98,Los Angeles,7.940000000000001,Adults
531,38,Female,3.3,13.57,4,2.05,0.25,1.0,Houston,10.27,Adults
532,53,Male,6.5,6.5,18,2.45,1.93,2.12,New York,0.0,Middle-aged Adults
533,40,Female,5.78,12.1,24,2.08,1.77,1.93,Los Angeles,6.319999999999999,Adults
534,33,Male,6.28,11.05,8,0.12,1.58,4.58,Phoenix,4.7700000000000005,Young Adults
535,56,Male,7.949999999999999,7.949999999999999,10,1.68,2.46,3.81,Los Angeles,0.0,Middle-aged Adults
536,59,Female,5.02,5.02,25,0.89,1.6,2.53,New York,0.0,Middle-aged Adults
537,56,Male,6.390000000000001,6.96,10,0.49,0.96,4.94,Chicago,0.5699999999999994,Middle-aged Adults
538,31,Female,8.66,11.16,27,4.78,1.55,2.33,Houston,2.5,Young Adults
539,48,Male,8.16,13.48,8,3.0,4.87,0.29,Phoenix,5.32,Adults
540,22,Female,7.01,10.93,16,3.64,2.06,1.31,Los Angeles,3.92,Young Adults
541,52,Female,5.98,12.12,5,1.58,2.22,2.18,New York,6.139999999999999,Middle-aged Adults
542,40,Female,5.63,8.84,12,1.97,2.88,0.78,New York,3.21,Adults
543,46,Female,10.84,11.86,5,1.18,4.92,4.74,Houston,1.0199999999999996,Adults
544,28,Male,5.52,11.2,29,0.48,1.21,3.83,New York,5.68,Young Adults
545,35,Male,5.65,5.9,14,0.9,3.41,1.34,New York,0.25,Adults
546,29,Female,10.52,10.52,19,3.99,3.58,2.95,Houston,0.0,Young Adults
547,26,Female,10.04,11.46,29,3.39,3.04,3.61,Phoenix,1.4200000000000017,Young Adults
548,27,Female,7.88,7.88,7,2.73,0.44,4.71,Chicago,0.0,Young Adults
549,34,Male,10.17,11.51,22,2.38,3.38,4.41,Chicago,1.3399999999999999,Young Adults
550,55,Male,7.510000000000001,7.510000000000001,27,4.61,0.32,2.58,Los Angeles,0.0,Middle-aged Adults
551,24,Male,7.21,7.69,11,0.36,2.98,3.87,Phoenix,0.4800000000000004,Young Adults
552,30,Male,7.91,11.51,23,1.4,3.7,2.81,Los Angeles,3.5999999999999996,Young Adults
553,57,Female,5.56,5.56,28,1.75,1.05,2.76,Chicago,0.0,Middle-aged Adults
554,59,Female,8.690000000000001,8.690000000000001,22,3.91,4.21,0.57,Houston,0.0,Middle-aged Adults
555,26,Female,5.74,6.24,9,4.96,0.15,0.63,New York,0.5,Young Adults
556,44,Male,8.07,12.63,24,1.2,4.22,2.65,Chicago,4.5600000000000005,Adults
557,19,Male,8.01,8.01,6,4.37,2.3,1.34,Phoenix,0.0,Teens/Adolescents
558,22,Male,5.3500000000000005,12.72,15,4.15,1.09,0.11,Chicago,7.37,Young Adults
559,46,Female,5.4,5.4,15,1.12,0.67,3.61,Phoenix,0.0,Adults
560,54,Female,6.93,13.87,12,2.0,4.77,0.16,Phoenix,6.9399999999999995,Middle-aged Adults
561,55,Male,5.39,13.41,20,2.05,0.36,2.98,Phoenix,8.02,Middle-aged Adults
562,36,Female,8.59,8.59,19,4.89,1.0,2.7,Los Angeles,0.0,Adults
563,25,Male,7.48,7.67,22,0.9,1.74,4.84,Houston,0.1899999999999995,Young Adults
564,18,Male,9.52,9.52,22,4.0,3.1,2.42,Chicago,0.0,Teens/Adolescents
565,39,Female,4.710000000000001,9.26,15,1.67,2.72,0.32,Houston,4.549999999999999,Adults
566,34,Male,7.04,7.04,19,3.65,0.63,2.76,New York,0.0,Young Adults
567,24,Female,7.76,7.76,24,2.1,1.45,4.21,Chicago,0.0,Young Adults
568,42,Male,9.06,9.06,6,2.89,1.19,4.98,Houston,0.0,Adults
569,21,Female,7.380000000000001,7.380000000000001,3,4.16,1.07,2.15,Houston,0.0,Young Adults
570,53,Female,7.68,7.68,3,4.02,2.06,1.6,New York,0.0,Middle-aged Adults
571,23,Female,12.379999999999999,12.379999999999999,17,4.33,3.52,4.53,Phoenix,0.0,Young Adults
572,48,Male,2.35,13.9,15,0.3,1.09,0.96,Chicago,11.55,Adults
573,36,Male,8.370000000000001,8.370000000000001,19,3.46,1.83,3.08,Chicago,0.0,Adults
574,56,Female,4.68,8.46,26,0.7,1.95,2.03,New York,3.780000000000001,Middle-aged Adults
575,44,Female,7.17,7.17,28,2.08,4.88,0.21,Phoenix,0.0,Adults
576,27,Male,9.25,12.01,10,2.74,4.77,1.74,Chicago,2.76,Young Adults
577,43,Male,7.34,12.73,20,2.01,4.0,1.33,Chicago,5.390000000000001,Adults
578,36,Male,7.24,12.41,29,2.6,1.21,3.43,Chicago,5.17,Adults
579,56,Female,10.06,13.67,15,4.98,0.34,4.74,Phoenix,3.6099999999999994,Middle-aged Adults
580,20,Male,3.6000000000000005,3.6000000000000005,25,0.68,1.58,1.34,New York,0.0,Young Adults
581,30,Male,8.77,11.92,16,3.38,1.33,4.06,Chicago,3.1500000000000004,Young Adults
582,45,Female,4.79,10.77,10,1.98,2.53,0.28,Houston,5.9799999999999995,Adults
583,37,Male,7.25,7.25,10,0.67,3.89,2.69,Phoenix,0.0,Adults
584,45,Male,5.43,13.43,29,0.79,4.29,0.35,Los Angeles,8.0,Adults
585,25,Male,13.639999999999999,13.639999999999999,28,4.75,4.22,4.67,New York,0.0,Young Adults
586,58,Female,10.030000000000001,10.030000000000001,17,4.4,1.8,3.83,Houston,0.0,Middle-aged Adults
587,56,Female,11.27,11.27,29,4.54,3.44,3.29,Chicago,0.0,Middle-aged Adults
588,18,Female,10.64,10.64,15,4.96,1.56,4.12,Los Angeles,0.0,Teens/Adolescents
589,20,Female,4.58,10.35,9,1.04,0.3,3.24,New York,5.77,Young Adults
590,30,Female,10.129999999999999,10.129999999999999,7,1.78,3.51,4.84,Phoenix,0.0,Young Adults
591,45,Female,6.97,6.97,19,3.35,0.05,3.57,Los Angeles,0.0,Adults
592,42,Female,9.09,9.09,27,2.42,2.05,4.62,Los Angeles,0.0,Adults
593,50,Male,6.33,11.92,18,2.09,1.65,2.59,Houston,5.59,Middle-aged Adults
594,55,Male,5.85,5.85,25,1.79,3.47,0.59,New York,0.0,Middle-aged Adults
595,23,Female,9.440000000000001,9.440000000000001,4,2.97,3.83,2.64,Houston,0.0,Young Adults
596,49,Male,5.03,12.75,24,2.88,1.52,0.63,Houston,7.72,Adults
597,38,Male,7.829999999999999,12.0,20,0.81,4.06,2.96,Chicago,4.170000000000001,Adults
598,33,Female,6.24,6.24,19,2.36,1.47,2.41,Phoenix,0.0,Young Adults
599,38,Male,8.11,10.92,9,2.77,2.23,3.11,Los Angeles,2.8100000000000005,Adults
600,28,Male,6.54,11.7,15,2.85,3.64,0.05,New York,5.159999999999999,Young Adults
601,54,Male,5.4799999999999995,12.56,20,1.05,3.46,0.97,Phoenix,7.080000000000001,Middle-aged Adults
602,53,Male,11.11,11.11,16,3.71,4.94,2.46,Phoenix,0.0,Middle-aged Adults
603,52,Male,6.01,6.01,20,0.13,1.13,4.75,New York,0.0,Middle-aged Adults
604,36,Female,7.0,7.0,15,1.77,3.31,1.92,Phoenix,0.0,Adults
605,37,Female,9.07,9.07,13,3.9,3.05,2.12,Chicago,0.0,Adults
606,35,Female,10.97,10.97,23,2.82,4.58,3.57,Phoenix,0.0,Adults
607,58,Male,5.109999999999999,5.109999999999999,23,1.31,0.78,3.02,Chicago,0.0,Middle-aged Adults
608,31,Female,8.72,9.27,18,3.47,3.76,1.49,Los Angeles,0.5499999999999989,Young Adults
609,32,Male,7.7299999999999995,7.7299999999999995,25,2.84,2.84,2.05,Los Angeles,0.0,Young Adults
610,48,Male,6.4399999999999995,6.4399999999999995,19,3.98,1.37,1.09,Houston,0.0,Adults
611,18,Male,10.88,12.43,10,3.68,2.37,4.83,Chicago,1.549999999999999,Teens/Adolescents
612,20,Male,5.37,6.98,21,3.05,1.67,0.65,Los Angeles,1.6100000000000003,Young Adults
613,33,Female,7.2,7.2,22,2.44,2.9,1.86,Phoenix,0.0,Young Adults
614,40,Female,5.25,11.75,17,0.67,4.45,0.13,New York,6.5,Adults
615,28,Male,5.2700000000000005,5.2700000000000005,11,1.31,2.85,1.11,New York,0.0,Young Adults
616,29,Female,9.16,10.45,22,2.1,3.16,3.9,Chicago,1.2899999999999991,Young Adults
617,27,Male,6.6,11.06,12,3.0,2.59,1.01,Houston,4.460000000000001,Young Adults
618,49,Female,3.23,5.58,14,2.57,0.26,0.4,Phoenix,2.35,Adults
619,33,Female,4.97,11.72,23,1.44,1.16,2.37,Chicago,6.750000000000001,Young Adults
620,25,Male,2.5399999999999996,7.7,25,0.03,2.46,0.05,New York,5.16,Young Adults
621,55,Female,4.45,7.02,22,2.48,1.55,0.42,Chicago,2.5699999999999994,Middle-aged Adults
622,29,Male,6.38,6.38,3,1.43,0.91,4.04,Phoenix,0.0,Young Adults
623,41,Female,10.049999999999999,10.049999999999999,27,3.67,2.52,3.86,Los Angeles,0.0,Adults
624,45,Male,6.3100000000000005,13.1,22,0.12,1.61,4.58,Phoenix,6.789999999999999,Adults
625,25,Male,8.48,8.48,11,2.92,1.29,4.27,Los Angeles,0.0,Young Adults
626,45,Female,10.45,10.45,24,4.71,2.32,3.42,Los Angeles,0.0,Adults
627,53,Female,1.8,7.92,17,0.87,0.67,0.26,Los Angeles,6.12,Middle-aged Adults
628,43,Male,10.91,10.91,3,2.36,4.64,3.91,Chicago,0.0,Adults
629,25,Female,9.030000000000001,9.030000000000001,14,0.46,4.34,4.23,New York,0.0,Young Adults
630,45,Female,10.67,10.67,5,3.13,3.54,4.0,Chicago,0.0,Adults
631,45,Male,5.82,10.4,13,2.75,0.53,2.54,New York,4.58,Adults
632,54,Male,7.08,7.08,4,2.04,3.88,1.16,Phoenix,0.0,Middle-aged Adults
633,58,Female,10.88,10.88,18,2.61,4.04,4.23,Houston,0.0,Middle-aged Adults
634,53,Male,11.96,11.96,11,4.48,3.84,3.64,Phoenix,0.0,Middle-aged Adults
635,44,Male,6.45,6.69,17,0.98,0.57,4.9,Chicago,0.2400000000000002,Adults
636,34,Male,4.11,12.48,14,0.11,3.22,0.78,Chicago,8.370000000000001,Young Adults
637,26,Female,9.61,9.61,3,4.31,4.17,1.13,New York,0.0,Young Adults
638,50,Female,6.84,6.84,15,2.89,2.89,1.06,Chicago,0.0,Middle-aged Adults
639,37,Male,11.64,11.64,16,4.45,3.23,3.96,Los Angeles,0.0,Adults
640,30,Female,6.199999999999999,10.51,27,2.98,2.29,0.93,Chicago,4.3100000000000005,Young Adults
641,45,Male,7.02,9.33,27,4.05,2.64,0.33,New York,2.3100000000000005,Adults
642,46,Female,7.3100000000000005,7.3100000000000005,10,2.15,0.17,4.99,New York,0.0,Adults
643,30,Male,7.06,10.87,10,3.75,3.19,0.12,Los Angeles,3.8099999999999996,Young Adults
644,52,Male,9.16,9.16,29,4.57,0.41,4.18,New York,0.0,Middle-aged Adults
645,23,Female,6.87,12.65,14,2.86,2.18,1.83,Houston,5.78,Young Adults
646,35,Male,6.57,11.63,3,0.9,1.46,4.21,Phoenix,5.0600000000000005,Adults
647,22,Female,6.84,6.84,13,1.34,2.73,2.77,Chicago,0.0,Young Adults
648,42,Female,6.17,6.17,10,0.99,0.67,4.51,Houston,0.0,Adults
649,19,Male,9.32,9.32,12,1.23,3.46,4.63,Chicago,0.0,Teens/Adolescents
650,27,Male,5.56,5.56,21,1.53,3.98,0.05,Houston,0.0,Young Adults
651,47,Female,3.9799999999999995,13.99,13,2.78,0.82,0.38,Chicago,10.010000000000002,Adults
652,22,Male,4.71,6.27,9,2.94,0.52,1.25,Los Angeles,1.5599999999999996,Young Adults
653,50,Male,6.21,6.21,13,2.13,0.73,3.35,New York,0.0,Middle-aged Adults
654,18,Male,11.91,11.91,19,3.08,4.39,4.44,New York,0.0,Teens/Adolescents
655,35,Male,5.35,8.05,3,0.41,2.64,2.3,Los Angeles,2.700000000000001,Adults
656,49,Male,5.81,5.81,28,0.44,2.34,3.03,Houston,0.0,Adults
657,28,Female,2.33,5.95,23,0.86,0.53,0.94,Phoenix,3.62,Young Adults
658,38,Female,9.86,9.86,23,2.59,3.25,4.02,Houston,0.0,Adults
659,43,Male,10.25,10.8,10,1.07,4.34,4.84,New York,0.5500000000000007,Adults
660,42,Male,6.8999999999999995,6.8999999999999995,25,1.42,4.14,1.34,Phoenix,0.0,Adults
661,39,Male,7.6,7.6,26,2.0,3.13,2.47,Chicago,0.0,Adults
662,44,Female,4.869999999999999,7.73,8,4.06,0.38,0.43,Phoenix,2.860000000000001,Adults
663,30,Male,3.4299999999999997,4.5,24,0.07,0.56,2.8,Houston,1.0700000000000003,Young Adults
664,50,Female,6.01,9.17,20,3.25,0.25,2.51,Los Angeles,3.16,Middle-aged Adults
665,51,Female,5.35,7.26,8,3.34,1.29,0.72,Chicago,1.9100000000000001,Middle-aged Adults
666,58,Female,6.88,6.88,7,3.99,0.68,2.21,Houston,0.0,Middle-aged Adults
667,52,Male,7.63,13.34,15,4.66,1.3,1.67,Chicago,5.71,Middle-aged Adults
668,18,Female,4.64,9.22,21,0.1,1.93,2.61,Phoenix,4.580000000000001,Teens/Adolescents
669,38,Male,8.41,8.41,24,0.77,4.71,2.93,New York,0.0,Adults
670,23,Female,7.52,8.28,10,4.43,3.05,0.04,Houston,0.7599999999999998,Young Adults
671,45,Male,10.27,11.15,11,2.29,4.17,3.81,Los Angeles,0.8800000000000008,Adults
672,34,Female,9.94,10.21,19,2.82,3.55,3.57,Phoenix,0.27000000000000135,Young Adults
673,22,Male,5.71,5.71,5,3.32,0.56,1.83,Houston,0.0,Young Adults
674,48,Female,7.34,13.64,21,3.4,3.68,0.26,Los Angeles,6.300000000000001,Adults
675,22,Male,9.81,9.81,13,4.66,1.38,3.77,Houston,0.0,Young Adults
676,55,Male,12.96,12.96,26,4.98,3.2,4.78,Phoenix,0.0,Middle-aged Adults
677,20,Male,6.5,6.5,19,3.6,1.7,1.2,Houston,0.0,Young Adults
678,40,Male,8.05,8.05,23,1.44,4.99,1.62,Chicago,0.0,Adults
679,54,Female,6.640000000000001,11.45,21,4.4,1.32,0.92,Phoenix,4.809999999999999,Middle-aged Adults
680,54,Female,4.529999999999999,4.529999999999999,4,0.25,1.4,2.88,Houston,0.0,Middle-aged Adults
681,27,Male,6.58,6.58,10,1.16,4.65,0.77,New York,0.0,Young Adults
682,27,Female,6.390000000000001,12.06,21,4.49,0.12,1.78,Houston,5.67,Young Adults
683,36,Male,8.25,8.25,9,1.28,3.48,3.49,Chicago,0.0,Adults
684,34,Male,7.53,7.53,29,1.1,3.63,2.8,Los Angeles,0.0,Young Adults
685,38,Female,6.799999999999999,6.799999999999999,19,0.69,4.18,1.93,Los Angeles,0.0,Adults
686,31,Male,11.27,11.27,8,4.3,4.87,2.1,Los Angeles,0.0,Young Adults
687,26,Male,10.19,10.19,21,2.5,4.88,2.81,New York,0.0,Young Adults
688,18,Female,3.73,9.65,26,3.37,0.33,0.03,Chicago,5.92,Teens/Adolescents
689,30,Male,5.7,5.7,8,1.2,4.11,0.39,Phoenix,0.0,Young Adults
690,21,Male,11.43,11.43,4,3.79,3.23,4.41,Los Angeles,0.0,Young Adults
691,18,Male,7.43,10.94,8,3.8,3.24,0.39,Chicago,3.51,Teens/Adolescents
692,57,Male,5.73,9.72,25,1.56,0.64,3.53,Houston,3.99,Middle-aged Adults
693,49,Female,9.899999999999999,9.899999999999999,7,2.05,3.25,4.6,New York,0.0,Adults
694,51,Female,7.3100000000000005,8.14,21,1.05,4.91,1.35,Chicago,0.8300000000000001,Middle-aged Adults
695,45,Female,11.29,11.29,22,4.88,4.56,1.85,Chicago,0.0,Adults
696,48,Male,8.27,8.27,6,3.23,2.2,2.84,Phoenix,0.0,Adults
697,25,Male,9.280000000000001,9.280000000000001,24,4.67,0.2,4.41,Chicago,0.0,Young Adults
698,56,Female,8.04,8.04,28,1.52,1.81,4.71,Phoenix,0.0,Middle-aged Adults
699,43,Male,11.739999999999998,12.79,19,3.91,4.13,3.7,New York,1.0500000000000007,Adults
700,51,Male,7.77,7.77,13,3.83,3.51,0.43,New York,0.0,Middle-aged Adults
701,20,Male,9.11,11.17,6,3.46,2.3,3.35,Houston,2.0600000000000005,Young Adults
702,29,Male,7.16,7.16,28,4.83,0.28,2.05,Phoenix,0.0,Young Adults
703,18,Female,6.449999999999999,11.37,15,1.97,2.13,2.35,Phoenix,4.92,Teens/Adolescents
704,22,Female,3.25,9.01,22,0.65,2.35,0.25,Los Angeles,5.76,Young Adults
705,47,Female,8.96,11.96,28,3.36,4.64,0.96,Los Angeles,3.0,Adults
706,47,Male,10.809999999999999,10.809999999999999,19,3.65,3.21,3.95,Houston,0.0,Adults
707,34,Female,6.709999999999999,8.27,11,2.88,1.56,2.27,New York,1.5600000000000005,Young Adults
708,40,Female,5.17,7.51,6,1.03,2.63,1.51,Los Angeles,2.34,Adults
709,32,Male,4.77,10.18,25,2.52,0.33,1.92,Chicago,5.41,Young Adults
710,54,Male,10.69,10.69,16,1.56,4.86,4.27,New York,0.0,Middle-aged Adults
711,38,Female,7.680000000000001,8.03,21,2.14,1.8,3.74,Chicago,0.34999999999999876,Adults
712,31,Female,6.98,6.98,28,3.23,2.39,1.36,Phoenix,0.0,Young Adults
713,19,Female,6.1,6.1,5,3.73,1.78,0.59,New York,0.0,Teens/Adolescents
714,28,Female,5.83,7.27,16,1.16,3.41,1.26,Houston,1.4399999999999995,Young Adults
715,56,Male,9.94,9.94,10,2.03,3.31,4.6,Phoenix,0.0,Middle-aged Adults
716,55,Female,7.84,13.5,26,1.35,3.58,2.91,Phoenix,5.66,Middle-aged Adults
717,51,Female,5.0,10.29,29,0.99,1.34,2.67,Chicago,5.289999999999999,Middle-aged Adults
718,55,Male,8.48,13.38,3,3.92,1.58,2.98,Phoenix,4.9,Middle-aged Adults
719,51,Female,7.01,7.01,12,4.55,0.63,1.83,Los Angeles,0.0,Middle-aged Adults
720,35,Male,9.17,12.43,20,1.85,3.28,4.04,New York,3.26,Adults
721,47,Male,6.58,11.51,18,3.76,0.2,2.62,Los Angeles,4.93,Adults
722,32,Male,8.05,9.8,10,4.48,2.99,0.58,Chicago,1.75,Young Adults
723,44,Female,9.23,9.23,3,4.23,4.35,0.65,Chicago,0.0,Adults
724,51,Female,8.040000000000001,8.040000000000001,14,0.91,4.45,2.68,New York,0.0,Middle-aged Adults
725,55,Male,11.71,11.71,10,4.78,2.25,4.68,Phoenix,0.0,Middle-aged Adults
726,50,Female,5.72,7.52,26,1.88,2.3,1.54,Houston,1.7999999999999998,Middle-aged Adults
727,41,Female,6.43,6.43,18,1.7,0.38,4.35,Chicago,0.0,Adults
728,32,Male,7.48,7.48,20,0.31,3.35,3.82,New York,0.0,Young Adults
729,47,Male,7.780000000000001,13.16,6,2.43,4.11,1.24,Houston,5.379999999999999,Adults
730,59,Female,1.95,12.06,8,0.55,1.22,0.18,Phoenix,10.110000000000001,Middle-aged Adults
731,34,Male,3.8599999999999994,13.76,14,1.24,2.11,0.51,Chicago,9.9,Young Adults
732,22,Female,9.41,9.41,29,1.58,4.19,3.64,New York,0.0,Young Adults
733,46,Female,9.43,9.43,11,4.04,4.39,1.0,New York,0.0,Adults
734,21,Female,7.46,7.46,17,4.38,1.22,1.86,New York,0.0,Young Adults
735,27,Female,6.77,6.77,18,1.51,2.75,2.51,Chicago,0.0,Young Adults
736,34,Male,8.879999999999999,8.879999999999999,26,4.29,0.96,3.63,Houston,0.0,Young Adults
737,27,Male,5.37,6.08,14,4.29,0.51,0.57,New York,0.71,Young Adults
738,34,Male,10.409999999999998,10.409999999999998,26,3.82,4.56,2.03,Phoenix,0.0,Young Adults
739,37,Male,7.26,7.26,25,0.73,4.1,2.43,New York,0.0,Adults
740,41,Female,9.95,13.15,16,3.45,3.8,2.7,Houston,3.200000000000001,Adults
741,22,Female,9.06,9.06,15,4.73,0.24,4.09,Chicago,0.0,Young Adults
742,51,Male,8.49,12.41,27,3.41,4.22,0.86,New York,3.92,Middle-aged Adults
743,23,Female,7.89,8.87,4,1.66,2.19,4.04,New York,0.9799999999999995,Young Adults
744,19,Female,7.67,7.67,5,2.5,1.71,3.46,Phoenix,0.0,Teens/Adolescents
745,30,Female,8.74,8.74,28,3.23,2.73,2.78,Phoenix,0.0,Young Adults
746,28,Male,6.51,6.51,26,2.55,0.46,3.5,New York,0.0,Young Adults
747,40,Male,6.4399999999999995,6.4399999999999995,24,0.6,3.78,2.06,New York,0.0,Adults
748,33,Male,5.16,9.81,12,1.56,2.91,0.69,Phoenix,4.65,Young Adults
749,48,Female,8.27,8.27,11,4.01,0.93,3.33,Houston,0.0,Adults
750,28,Male,7.87,7.87,28,4.31,0.94,2.62,Los Angeles,0.0,Young Adults
751,33,Male,4.8100000000000005,5.96,22,0.69,0.92,3.2,Los Angeles,1.1499999999999995,Young Adults
752,25,Male,6.74,13.77,10,4.76,0.29,1.69,New York,7.029999999999999,Young Adults
753,21,Male,9.11,11.2,12,1.64,2.94,4.53,Phoenix,2.09,Young Adults
754,57,Male,10.45,10.54,21,3.31,4.2,2.94,Chicago,0.08999999999999986,Middle-aged Adults
755,21,Male,4.279999999999999,4.279999999999999,5,3.76,0.09,0.43,Chicago,0.0,Young Adults
756,42,Female,6.56,11.15,26,4.06,0.25,2.25,Los Angeles,4.590000000000001,Adults
757,20,Female,11.37,11.37,7,4.73,2.86,3.78,Houston,0.0,Young Adults
758,49,Male,9.63,9.63,5,1.56,4.1,3.97,Los Angeles,0.0,Adults
759,20,Male,8.39,13.87,28,4.29,1.63,2.47,New York,5.479999999999999,Young Adults
760,44,Female,6.88,6.88,29,0.66,1.75,4.47,Houston,0.0,Adults
761,46,Female,7.85,13.24,18,3.53,2.98,1.34,Chicago,5.390000000000001,Adults
762,49,Male,7.13,12.89,19,3.71,1.37,2.05,Phoenix,5.760000000000001,Adults
763,36,Male,8.01,8.01,17,3.39,0.13,4.49,Phoenix,0.0,Adults
764,38,Male,9.420000000000002,9.420000000000002,5,1.26,3.68,4.48,New York,0.0,Adults
765,22,Male,10.93,13.7,14,4.37,3.13,3.43,Los Angeles,2.7699999999999996,Young Adults
766,35,Female,8.03,8.03,11,0.84,2.9,4.29,New York,0.0,Adults
767,45,Male,4.42,8.12,23,0.27,3.71,0.44,Phoenix,3.6999999999999993,Adults
768,59,Male,11.29,13.73,14,3.59,3.38,4.32,Chicago,2.4400000000000013,Middle-aged Adults
769,39,Male,5.01,8.22,28,2.38,1.03,1.6,Phoenix,3.210000000000001,Adults
770,38,Male,6.8999999999999995,6.8999999999999995,17,4.25,1.76,0.89,Houston,0.0,Adults
771,23,Female,3.75,8.57,4,1.92,0.63,1.2,Phoenix,4.82,Young Adults
772,18,Female,3.58,3.66,25,0.84,0.65,2.09,Phoenix,0.08000000000000007,Teens/Adolescents
773,22,Female,8.82,8.82,20,4.18,3.38,1.26,Houston,0.0,Young Adults
774,58,Male,8.63,8.63,22,2.74,4.29,1.6,Los Angeles,0.0,Middle-aged Adults
775,29,Male,6.43,8.87,14,0.95,4.81,0.67,Phoenix,2.4399999999999995,Young Adults
776,43,Female,8.22,8.22,25,3.6,3.14,1.48,New York,0.0,Adults
777,51,Male,6.34,10.62,6,2.56,0.92,2.86,Phoenix,4.279999999999999,Middle-aged Adults
778,31,Male,5.76,9.2,25,3.02,0.53,2.21,New York,3.4399999999999995,Young Adults
779,43,Female,8.09,8.14,18,2.3,4.06,1.73,Houston,0.05000000000000071,Adults
780,44,Female,10.76,10.76,25,4.14,2.89,3.73,Phoenix,0.0,Adults
781,26,Female,11.71,11.71,18,4.15,3.09,4.47,Houston,0.0,Young Adults
782,43,Female,11.24,11.24,3,3.55,3.91,3.78,Houston,0.0,Adults
783,39,Male,5.71,5.71,24,0.53,3.52,1.66,Los Angeles,0.0,Adults
784,47,Male,12.08,13.03,27,4.19,4.17,3.72,Phoenix,0.9499999999999993,Adults
785,34,Female,4.3999999999999995,4.3999999999999995,4,3.36,0.28,0.76,New York,0.0,Young Adults
786,43,Male,7.880000000000001,7.880000000000001,5,3.49,3.74,0.65,New York,0.0,Adults
787,53,Female,7.790000000000001,10.05,28,1.81,4.25,1.73,Phoenix,2.26,Middle-aged Adults
788,18,Female,9.870000000000001,9.870000000000001,23,4.4,1.43,4.04,Los Angeles,0.0,Teens/Adolescents
789,25,Male,8.06,8.06,27,3.63,3.2,1.23,Los Angeles,0.0,Young Adults
790,52,Female,2.4499999999999997,8.19,22,0.56,1.57,0.32,Los Angeles,5.74,Middle-aged Adults
791,32,Male,7.49,9.34,19,2.04,4.79,0.66,New York,1.8499999999999996,Young Adults
792,39,Male,8.89,10.15,22,4.43,0.17,4.29,Houston,1.2599999999999998,Adults
793,31,Male,6.31,6.31,24,0.24,2.9,3.17,Los Angeles,0.0,Young Adults
794,43,Male,6.91,8.33,23,4.81,0.83,1.27,New York,1.42,Adults
795,45,Female,9.74,9.74,3,3.4,3.56,2.78,New York,0.0,Adults
796,40,Male,6.68,9.74,22,3.16,0.88,2.64,Houston,3.0600000000000005,Adults
797,31,Female,5.8100000000000005,8.59,8,1.35,1.18,3.28,Phoenix,2.7799999999999994,Young Adults
798,41,Female,4.88,7.83,17,1.24,2.47,1.17,Phoenix,2.95,Adults
799,19,Female,13.600000000000001,13.600000000000001,28,4.71,4.57,4.32,Los Angeles,0.0,Teens/Adolescents
800,43,Female,4.1,4.1,28,1.49,1.06,1.55,Los Angeles,0.0,Adults
801,31,Male,8.07,8.07,16,3.88,0.72,3.47,Houston,0.0,Young Adults
802,24,Male,5.84,5.84,22,1.97,3.79,0.08,Los Angeles,0.0,Young Adults
803,20,Female,5.0600000000000005,6.84,17,0.7,2.5,1.86,Houston,1.7799999999999994,Young Adults
804,40,Female,6.369999999999999,8.96,16,0.05,4.56,1.76,New York,2.5900000000000016,Adults
805,35,Male,6.17,6.17,27,2.72,0.73,2.72,Los Angeles,0.0,Adults
806,55,Female,8.469999999999999,13.21,23,4.88,3.23,0.36,New York,4.740000000000002,Middle-aged Adults
807,52,Male,6.96,6.96,26,1.85,1.16,3.95,Chicago,0.0,Middle-aged Adults
808,32,Female,3.66,11.04,27,1.79,0.78,1.09,Houston,7.379999999999999,Young Adults
809,42,Male,8.53,9.13,28,1.72,3.42,3.39,Chicago,0.6000000000000014,Adults
810,54,Female,9.59,9.59,7,2.6,2.97,4.02,Los Angeles,0.0,Middle-aged Adults
811,45,Female,8.780000000000001,8.780000000000001,8,2.2,3.77,2.81,New York,0.0,Adults
812,27,Male,9.65,9.65,19,4.4,1.55,3.7,Los Angeles,0.0,Young Adults
813,56,Female,8.08,8.08,13,2.53,2.24,3.31,Chicago,0.0,Middle-aged Adults
814,34,Female,6.3500000000000005,13.17,18,2.54,2.03,1.78,Los Angeles,6.819999999999999,Young Adults
815,56,Male,9.649999999999999,9.649999999999999,14,0.69,4.92,4.04,Phoenix,0.0,Middle-aged Adults
816,39,Female,7.84,13.22,17,4.91,1.46,1.47,Chicago,5.380000000000001,Adults
817,43,Male,5.58,5.58,25,1.25,1.47,2.86,Los Angeles,0.0,Adults
818,42,Male,5.87,10.43,6,0.37,1.77,3.73,New York,4.56,Adults
819,34,Female,8.03,9.02,29,3.32,2.82,1.89,Los Angeles,0.9900000000000002,Young Adults
820,30,Female,5.75,10.61,20,2.98,1.26,1.51,New York,4.859999999999999,Young Adults
821,37,Female,8.96,8.96,23,2.08,4.58,2.3,Phoenix,0.0,Adults
822,42,Female,7.529999999999999,9.64,5,2.11,1.33,4.09,Los Angeles,2.110000000000001,Adults
823,21,Female,13.06,13.06,24,3.93,4.48,4.65,Phoenix,0.0,Young Adults
824,27,Female,4.23,10.66,10,0.98,0.52,2.73,Chicago,6.43,Young Adults
825,20,Female,10.69,10.69,25,4.1,3.28,3.31,New York,0.0,Young Adults
826,58,Male,12.29,12.57,5,3.24,4.53,4.52,Chicago,0.28000000000000114,Middle-aged Adults
827,35,Female,3.42,3.42,10,2.09,0.84,0.49,New York,0.0,Adults
828,53,Male,8.29,11.49,20,2.29,4.84,1.16,Phoenix,3.200000000000001,Middle-aged Adults
829,39,Female,7.08,12.2,12,1.28,2.26,3.54,Houston,5.119999999999999,Adults
830,51,Female,12.61,12.61,27,3.76,4.73,4.12,Los Angeles,0.0,Middle-aged Adults
831,25,Male,10.23,10.23,22,2.56,3.38,4.29,Phoenix,0.0,Young Adults
832,57,Female,5.19,6.7,19,1.6,1.51,2.08,New York,1.5099999999999998,Middle-aged Adults
833,36,Female,4.37,13.95,10,2.98,0.94,0.45,New York,9.579999999999998,Adults
834,59,Male,8.69,8.69,25,4.98,1.52,2.19,New York,0.0,Middle-aged Adults
835,58,Female,3.8000000000000003,8.11,13,2.18,0.47,1.15,New York,4.309999999999999,Middle-aged Adults
836,54,Female,6.779999999999999,9.72,7,4.6,0.72,1.46,Los Angeles,2.9400000000000013,Middle-aged Adults
837,23,Female,6.109999999999999,10.11,28,1.73,0.52,3.86,Chicago,4.0,Young Adults
838,43,Male,2.76,3.65,15,0.27,2.11,0.38,Houston,0.8900000000000001,Adults
839,51,Female,9.14,9.5,23,1.02,3.98,4.14,Los Angeles,0.35999999999999943,Middle-aged Adults
840,23,Female,4.9399999999999995,11.64,25,2.09,0.71,2.14,New York,6.700000000000001,Young Adults
841,54,Female,4.73,4.73,7,1.1,0.65,2.98,Los Angeles,0.0,Middle-aged Adults
842,50,Female,3.6700000000000004,12.85,26,0.0,3.22,0.45,Phoenix,9.18,Middle-aged Adults
843,39,Male,7.26,7.26,29,4.58,0.99,1.69,New York,0.0,Adults
844,38,Male,5.16,5.63,15,4.22,0.49,0.45,Houston,0.46999999999999975,Adults
845,23,Female,9.35,9.35,8,3.71,0.83,4.81,New York,0.0,Young Adults
846,23,Female,9.5,9.5,7,0.84,4.62,4.04,Houston,0.0,Young Adults
847,21,Male,7.01,12.85,11,0.6,4.11,2.3,Houston,5.84,Young Adults
848,47,Male,3.23,5.61,29,0.34,1.77,1.12,Chicago,2.3800000000000003,Adults
849,28,Female,11.57,11.57,18,3.62,3.28,4.67,Chicago,0.0,Young Adults
850,47,Male,9.05,9.05,4,4.64,2.69,1.72,Los Angeles,0.0,Adults
851,48,Female,6.34,8.76,3,2.15,3.39,0.8,Los Angeles,2.42,Adults
852,41,Male,6.83,8.73,10,0.6,3.41,2.82,Houston,1.9000000000000004,Adults
853,26,Male,10.42,10.42,21,2.56,3.14,4.72,New York,0.0,Young Adults
854,20,Male,3.0900000000000003,5.33,13,1.74,1.33,0.02,Phoenix,2.2399999999999998,Young Adults
855,48,Male,3.2600000000000002,12.5,14,1.87,0.2,1.19,Phoenix,9.24,Adults
856,57,Female,10.08,10.08,14,3.11,2.28,4.69,New York,0.0,Middle-aged Adults
857,54,Male,8.899999999999999,8.899999999999999,9,3.59,4.45,0.86,New York,0.0,Middle-aged Adults
858,53,Male,3.97,4.68,28,0.55,2.85,0.57,Chicago,0.7099999999999995,Middle-aged Adults
859,41,Female,7.1899999999999995,11.23,15,0.18,4.16,2.85,Phoenix,4.040000000000001,Adults
860,48,Male,14.239999999999998,14.239999999999998,29,4.97,4.96,4.31,Houston,0.0,Adults
861,23,Male,4.37,7.68,10,1.16,0.82,2.39,Los Angeles,3.3099999999999996,Young Adults
862,19,Female,8.7,8.7,24,0.27,3.46,4.97,Chicago,0.0,Teens/Adolescents
863,37,Male,7.720000000000001,13.84,28,0.95,3.37,3.4,Phoenix,6.119999999999999,Adults
864,45,Female,5.460000000000001,5.460000000000001,11,0.19,4.9,0.37,New York,0.0,Adults
865,28,Female,11.85,11.85,9,1.96,4.93,4.96,Phoenix,0.0,Young Adults
866,21,Female,9.48,9.48,28,4.01,3.43,2.04,Houston,0.0,Young Adults
867,32,Female,4.369999999999999,4.369999999999999,23,1.71,1.22,1.44,Chicago,0.0,Young Adults
868,23,Male,9.0,11.4,26,2.22,3.99,2.79,New York,2.4000000000000004,Young Adults
869,47,Female,5.4399999999999995,5.4399999999999995,17,3.38,0.54,1.52,Houston,0.0,Adults
870,55,Male,6.869999999999999,12.25,4,2.54,3.9,0.43,Los Angeles,5.380000000000001,Middle-aged Adults
871,19,Male,8.87,12.9,25,4.31,4.55,0.01,Chicago,4.030000000000001,Teens/Adolescents
872,32,Male,8.49,12.18,22,4.33,1.91,2.25,Houston,3.6899999999999995,Young Adults
873,28,Male,7.379999999999999,7.379999999999999,27,0.05,3.15,4.18,Houston,0.0,Young Adults
874,25,Male,8.9,11.24,14,3.89,2.15,2.86,New York,2.34,Young Adults
875,43,Male,9.49,9.49,3,2.3,2.19,5.0,Los Angeles,0.0,Adults
876,22,Male,7.92,12.36,25,4.94,1.55,1.43,Houston,4.4399999999999995,Young Adults
877,23,Male,7.630000000000001,9.29,24,2.42,3.81,1.4,Chicago,1.6599999999999984,Young Adults
878,43,Male,10.41,11.84,10,4.93,4.68,0.8,Houston,1.4299999999999997,Adults
879,21,Male,9.290000000000001,9.290000000000001,7,3.77,4.7,0.82,Phoenix,0.0,Young Adults
880,36,Female,3.54,7.96,17,1.24,0.87,1.43,Chicago,4.42,Adults
881,37,Female,11.02,11.02,3,2.69,4.37,3.96,Chicago,0.0,Adults
882,50,Female,13.18,13.18,3,4.96,3.69,4.53,Houston,0.0,Middle-aged Adults
883,37,Male,10.43,10.43,27,4.29,1.26,4.88,New York,0.0,Adults
884,29,Female,1.99,7.5,12,0.49,0.34,1.16,Chicago,5.51,Young Adults
885,18,Female,9.280000000000001,11.21,24,3.53,1.34,4.41,Phoenix,1.9299999999999997,Teens/Adolescents
886,43,Female,7.929999999999999,8.78,12,1.73,4.56,1.64,New York,0.8500000000000005,Adults
887,31,Male,3.76,3.76,23,0.03,3.17,0.56,New York,0.0,Young Adults
888,55,Male,9.98,9.98,17,2.02,3.61,4.35,New York,0.0,Middle-aged Adults
889,54,Male,5.640000000000001,6.3,19,1.17,1.29,3.18,Chicago,0.6599999999999993,Middle-aged Adults
890,28,Male,8.51,8.51,24,4.09,3.6,0.82,New York,0.0,Young Adults
891,53,Female,3.98,3.98,8,1.69,0.14,2.15,Houston,0.0,Middle-aged Adults
892,30,Female,7.459999999999999,7.459999999999999,5,4.14,1.88,1.44,New York,0.0,Young Adults
893,20,Female,6.8100000000000005,6.8100000000000005,15,0.0,3.13,3.68,Phoenix,0.0,Young Adults
894,50,Female,4.54,10.27,18,1.54,0.73,2.27,Los Angeles,5.7299999999999995,Middle-aged Adults
895,23,Male,10.280000000000001,10.280000000000001,10,1.21,4.12,4.95,Phoenix,0.0,Young Adults
896,27,Male,2.6199999999999997,6.31,17,1.17,1.18,0.27,Chicago,3.69,Young Adults
897,22,Male,5.38,13.01,19,0.34,3.26,1.78,New York,7.63,Young Adults
898,40,Female,5.38,5.38,19,0.94,2.03,2.41,New York,0.0,Adults
899,27,Male,8.28,8.28,24,2.78,2.98,2.52,Houston,0.0,Young Adults
900,19,Male,3.58,11.22,28,1.46,0.54,1.58,New York,7.640000000000001,Teens/Adolescents
901,30,Female,5.82,13.25,15,2.09,0.08,3.65,Phoenix,7.43,Young Adults
902,57,Female,10.8,10.8,19,1.88,4.55,4.37,Chicago,0.0,Middle-aged Adults
903,19,Male,10.420000000000002,10.420000000000002,8,4.38,1.35,4.69,Los Angeles,0.0,Teens/Adolescents
904,37,Male,12.66,12.66,19,4.53,4.1,4.03,New York,0.0,Adults
905,18,Male,11.71,11.71,18,2.46,5.0,4.25,Los Angeles,0.0,Teens/Adolescents
906,54,Male,5.46,11.48,16,1.65,1.06,2.75,New York,6.0200000000000005,Middle-aged Adults
907,26,Male,5.99,5.99,15,0.53,1.33,4.13,Chicago,0.0,Young Adults
908,34,Male,9.6,13.02,8,4.77,3.31,1.52,Phoenix,3.42,Young Adults
909,26,Female,7.12,7.12,5,0.3,4.83,1.99,Chicago,0.0,Young Adults
910,28,Female,7.65,8.19,16,1.49,4.58,1.58,Los Angeles,0.5399999999999991,Young Adults
911,32,Female,6.34,6.34,16,1.49,2.51,2.34,New York,0.0,Young Adults
912,41,Male,7.01,10.65,17,1.6,3.98,1.43,Los Angeles,3.6400000000000006,Adults
913,55,Female,6.31,6.31,10,0.82,0.68,4.81,Phoenix,0.0,Middle-aged Adults
914,52,Male,10.37,12.34,17,3.92,4.89,1.56,Chicago,1.9700000000000006,Middle-aged Adults
915,47,Male,5.920000000000001,11.77,24,0.61,4.82,0.49,Los Angeles,5.849999999999999,Adults
916,48,Female,6.619999999999999,6.619999999999999,29,3.17,0.82,2.63,Los Angeles,0.0,Adults
917,22,Male,2.41,11.52,15,0.62,1.5,0.29,Phoenix,9.11,Young Adults
918,31,Male,1.4,11.22,19,0.35,0.5,0.55,New York,9.82,Young Adults
919,28,Female,7.01,9.22,23,4.55,1.36,1.1,Los Angeles,2.210000000000001,Young Adults
920,26,Female,7.35,7.35,26,0.95,4.08,2.32,Phoenix,0.0,Young Adults
921,51,Female,8.17,8.17,5,4.11,1.89,2.17,New York,0.0,Middle-aged Adults
922,29,Male,7.16,7.16,8,2.72,0.44,4.0,New York,0.0,Young Adults
923,52,Female,5.800000000000001,5.800000000000001,7,0.39,1.71,3.7,Chicago,0.0,Middle-aged Adults
924,52,Female,11.82,12.75,24,4.78,4.91,2.13,Phoenix,0.9299999999999997,Middle-aged Adults
925,18,Male,6.05,6.05,28,1.23,3.15,1.67,New York,0.0,Teens/Adolescents
926,57,Female,7.96,11.78,19,4.3,2.08,1.58,Chicago,3.8199999999999994,Middle-aged Adults
927,39,Female,5.54,5.54,25,0.84,0.83,3.87,Houston,0.0,Adults
928,46,Female,9.459999999999999,9.459999999999999,27,4.27,4.93,0.26,Phoenix,0.0,Adults
929,25,Male,4.2299999999999995,11.33,4,0.07,4.1,0.06,Houston,7.1000000000000005,Young Adults
930,28,Male,7.949999999999999,12.5,28,2.56,1.41,3.98,New York,4.550000000000001,Young Adults
931,58,Male,6.59,6.59,17,3.85,0.35,2.39,Phoenix,0.0,Middle-aged Adults
932,54,Male,5.6000000000000005,7.0,7,4.67,0.28,0.65,Chicago,1.3999999999999995,Middle-aged Adults
933,31,Female,6.329999999999999,6.39,28,4.55,0.6,1.18,New York,0.0600000000000005,Young Adults
934,47,Male,11.66,11.66,22,4.1,2.9,4.66,Phoenix,0.0,Adults
935,52,Male,13.379999999999999,13.379999999999999,8,4.44,4.64,4.3,Phoenix,0.0,Middle-aged Adults
936,38,Female,7.029999999999999,7.029999999999999,8,1.0,2.48,3.55,Houston,0.0,Adults
937,54,Female,8.04,8.04,29,1.42,4.21,2.41,New York,0.0,Middle-aged Adults
938,22,Female,6.27,10.39,20,1.44,2.23,2.6,Chicago,4.120000000000001,Young Adults
939,36,Male,10.309999999999999,10.309999999999999,20,1.89,3.54,4.88,Chicago,0.0,Adults
940,31,Male,10.46,10.46,6,1.97,3.66,4.83,New York,0.0,Young Adults
941,43,Male,4.67,6.58,19,2.72,0.87,1.08,New York,1.9100000000000001,Adults
942,21,Female,6.67,10.63,27,0.8,1.81,4.06,Los Angeles,3.960000000000001,Young Adults
943,42,Female,7.640000000000001,12.22,16,3.46,3.19,0.99,Houston,4.58,Adults
944,59,Male,2.26,7.91,16,0.84,0.35,1.07,New York,5.65,Middle-aged Adults
945,42,Female,6.74,11.26,15,1.55,1.81,3.38,New York,4.52,Adults
946,35,Female,7.219999999999999,7.219999999999999,9,2.52,2.67,2.03,Los Angeles,0.0,Adults
947,57,Female,13.620000000000001,13.620000000000001,14,3.98,4.98,4.66,Los Angeles,0.0,Middle-aged Adults
948,25,Male,6.5200000000000005,6.5200000000000005,25,3.7,2.37,0.45,Phoenix,0.0,Young Adults
949,56,Female,9.870000000000001,9.870000000000001,17,3.23,4.08,2.56,Chicago,0.0,Middle-aged Adults
950,57,Female,7.53,10.52,21,0.78,2.16,4.59,Houston,2.9899999999999993,Middle-aged Adults
951,31,Male,11.24,12.46,13,2.74,3.98,4.52,Phoenix,1.2200000000000006,Young Adults
952,49,Male,4.2,4.2,17,0.44,2.98,0.78,New York,0.0,Adults
953,55,Female,8.149999999999999,9.25,14,1.89,4.43,1.83,Los Angeles,1.1000000000000014,Middle-aged Adults
954,50,Female,7.219999999999999,8.57,5,2.07,2.05,3.1,Chicago,1.3500000000000014,Middle-aged Adults
955,40,Male,4.0200000000000005,4.0200000000000005,19,0.2,3.02,0.8,Phoenix,0.0,Adults
956,32,Male,9.36,9.36,5,1.37,3.15,4.84,Chicago,0.0,Young Adults
957,50,Female,11.440000000000001,11.440000000000001,21,4.78,2.09,4.57,Los Angeles,0.0,Middle-aged Adults
958,42,Female,6.319999999999999,6.319999999999999,22,4.77,0.72,0.83,Phoenix,0.0,Adults
959,34,Female,2.84,4.17,6,1.76,0.47,0.61,Phoenix,1.33,Young Adults
960,50,Female,0.73,4.48,5,0.22,0.08,0.43,Chicago,3.7500000000000004,Middle-aged Adults
961,19,Male,9.82,9.82,28,0.9,4.37,4.55,Los Angeles,0.0,Teens/Adolescents
962,31,Female,4.109999999999999,10.74,18,1.96,1.18,0.97,New York,6.630000000000001,Young Adults
963,57,Female,7.880000000000001,8.43,14,4.74,1.06,2.08,Phoenix,0.5499999999999989,Middle-aged Adults
964,57,Male,6.630000000000001,13.82,10,0.71,3.68,2.24,New York,7.1899999999999995,Middle-aged Adults
965,56,Female,8.42,8.42,26,3.82,1.6,3.0,Los Angeles,0.0,Middle-aged Adults
966,23,Male,3.4299999999999997,10.8,19,0.54,2.53,0.36,Phoenix,7.370000000000001,Young Adults
967,23,Female,6.8500000000000005,12.33,9,4.91,0.81,1.13,Phoenix,5.4799999999999995,Young Adults
968,20,Female,11.370000000000001,11.370000000000001,13,1.91,4.8,4.66,New York,0.0,Young Adults
969,24,Male,12.68,12.68,20,3.88,4.26,4.54,Houston,0.0,Young Adults
970,25,Male,9.940000000000001,10.8,3,1.71,4.32,3.91,New York,0.8599999999999994,Young Adults
971,59,Female,5.27,5.27,5,3.14,2.03,0.1,New York,0.0,Middle-aged Adults
972,32,Female,6.409999999999999,6.409999999999999,6,0.96,3.81,1.64,Houston,0.0,Young Adults
973,46,Female,4.59,8.11,15,0.73,0.72,3.14,Los Angeles,3.5199999999999996,Adults
974,50,Male,6.11,8.48,8,4.69,0.04,1.38,Los Angeles,2.37,Middle-aged Adults
975,47,Female,9.239999999999998,9.239999999999998,28,4.59,0.1,4.55,Phoenix,0.0,Adults
976,56,Male,10.540000000000001,13.29,16,4.44,2.93,3.17,Chicago,2.7499999999999982,Middle-aged Adults
977,44,Male,5.7700000000000005,10.06,7,3.13,2.28,0.36,Chicago,4.29,Adults
978,53,Female,11.18,11.18,18,4.04,2.59,4.55,Phoenix,0.0,Middle-aged Adults
979,46,Male,5.18,13.13,17,0.35,0.04,4.79,Chicago,7.950000000000001,Adults
980,55,Female,4.17,6.71,17,1.67,2.11,0.39,New York,2.54,Middle-aged Adults
981,50,Female,7.82,13.75,6,1.57,3.59,2.66,New York,5.93,Middle-aged Adults
982,54,Female,6.91,7.66,10,3.18,2.21,1.52,Houston,0.75,Middle-aged Adults
983,44,Female,7.4,7.4,29,1.78,3.66,1.96,Houston,0.0,Adults
984,50,Female,2.81,10.94,18,0.74,1.17,0.9,Phoenix,8.129999999999999,Middle-aged Adults
985,21,Male,9.940000000000001,9.940000000000001,18,2.98,4.07,2.89,Phoenix,0.0,Young Adults
986,39,Male,11.8,11.8,6,4.07,2.94,4.79,Phoenix,0.0,Adults
987,19,Female,5.48,13.37,15,1.91,1.05,2.52,New York,7.889999999999999,Teens/Adolescents
988,27,Female,2.25,11.09,28,0.66,1.18,0.41,Chicago,8.84,Young Adults
989,22,Male,7.220000000000001,8.95,15,0.98,3.14,3.1,Phoenix,1.7299999999999986,Young Adults
990,27,Male,7.04,12.15,4,1.19,4.15,1.7,Phoenix,5.11,Young Adults
991,50,Male,7.86,9.75,5,1.5,2.08,4.28,New York,1.8899999999999997,Middle-aged Adults
992,55,Male,6.67,6.67,24,3.21,1.29,2.17,New York,0.0,Middle-aged Adults
993,30,Female,8.3,12.51,10,3.0,4.34,0.96,New York,4.209999999999999,Young Adults
994,48,Female,7.79,7.79,26,3.48,3.35,0.96,Chicago,0.0,Adults
995,53,Male,7.890000000000001,10.29,17,1.81,2.24,3.84,Phoenix,2.3999999999999986,Middle-aged Adults
996,41,Female,7.890000000000001,12.46,13,4.12,2.44,1.33,Los Angeles,4.57,Adults
997,32,Male,5.88,10.51,11,1.02,1.02,3.84,Los Angeles,4.63,Young Adults
998,46,Female,6.510000000000001,10.06,9,2.35,3.13,1.03,Phoenix,3.55,Adults
999,25,Male,7.4,10.78,15,4.0,1.79,1.61,Phoenix,3.379999999999999,Young Adults
1000,22,Female,8.21,8.21,4,0.9,4.98,2.33,Phoenix,0.0,Young Adults
